
> nexion-admin-prototype@0.1.0 dev
> next dev -p 3002

▲ Next.js 16.2.6 (Turbopack)
- Local:         http://localhost:3002
- Network:       http://28.0.0.1:3002
- Environments: .env.local
✓ Ready in 1397ms

 GET /risk/multi-account 200 in 555ms
 GET /risk/janus-c2 200 in 1705ms (next.js: 570ms, application-code: 1135ms)
 GET /risk/janus-c2 200 in 1709ms (next.js: 571ms, application-code: 1138ms)
 GET /risk/janus-c2 200 in 1712ms (next.js: 570ms, application-code: 1142ms)
 GET /risk/janus-c2 200 in 1716ms (next.js: 571ms, application-code: 1145ms)
 GET /finance-products/staking 200 in 1760ms (next.js: 570ms, application-code: 1190ms)
 GET /finance-products/staking 200 in 1768ms (next.js: 573ms, application-code: 1195ms)
 GET /risk/kyc-review 200 in 1775ms (next.js: 578ms, application-code: 1196ms)
 GET /finance-products/staking 200 in 1770ms (next.js: 572ms, application-code: 1198ms)
 GET /finance-products/staking 200 in 1772ms (next.js: 571ms, application-code: 1200ms)
 GET /risk/multi-account 200 in 3.2s (next.js: 1741ms, application-code: 1433ms)
 GET /risk/multi-account 200 in 47ms (next.js: 8ms, application-code: 39ms)
 GET /risk/janus-c2 200 in 207ms (next.js: 102ms, application-code: 105ms)
 GET /risk/multi-account 200 in 53ms (next.js: 6ms, application-code: 48ms)
 GET /risk/abuse 200 in 47ms (next.js: 4ms, application-code: 43ms)
 GET /risk/withdrawal-rules 200 in 47ms (next.js: 5ms, application-code: 42ms)
 GET /risk/scoring 200 in 63ms (next.js: 5ms, application-code: 58ms)
 GET /risk/kyc-review 200 in 39ms (next.js: 4ms, application-code: 35ms)
 GET /platform/rbac 200 in 40ms (next.js: 9ms, application-code: 31ms)
 GET /risk/janus-c2 200 in 39ms (next.js: 6ms, application-code: 33ms)
 GET / 200 in 69ms (next.js: 25ms, application-code: 44ms)
 GET / 200 in 26ms (next.js: 4ms, application-code: 23ms)
 GET / 200 in 32ms (next.js: 4ms, application-code: 28ms)
 GET / 200 in 33ms (next.js: 7ms, application-code: 27ms)
 GET / 200 in 28ms (next.js: 4ms, application-code: 24ms)
 GET / 200 in 35ms (next.js: 4ms, application-code: 31ms)
 GET / 200 in 35ms (next.js: 4ms, application-code: 31ms)
 GET / 200 in 31ms (next.js: 5ms, application-code: 26ms)
 GET /overview/dual-ledger 200 in 53ms (next.js: 16ms, application-code: 37ms)
 GET /overview/dual-ledger 200 in 31ms (next.js: 4ms, application-code: 27ms)
 GET /overview/dual-ledger 200 in 28ms (next.js: 3ms, application-code: 25ms)
 GET /finance/withdrawals 200 in 75ms (next.js: 25ms, application-code: 50ms)
 GET /finance/withdrawals 200 in 39ms (next.js: 4ms, application-code: 35ms)
 GET /finance/withdrawals 200 in 30ms (next.js: 3ms, application-code: 26ms)
 GET /finance/withdrawals 200 in 36ms (next.js: 6ms, application-code: 30ms)
 GET /finance/withdrawals 200 in 30ms (next.js: 3ms, application-code: 27ms)
 GET /users/search/U-88421 200 in 415ms (next.js: 375ms, application-code: 40ms)
 GET /users/search 200 in 67ms (next.js: 23ms, application-code: 44ms)
 GET /users/search 200 in 36ms (next.js: 4ms, application-code: 32ms)
 GET /users/search 200 in 38ms (next.js: 4ms, application-code: 34ms)
 GET /users/search 200 in 31ms (next.js: 4ms, application-code: 27ms)
 GET /users/search 200 in 34ms (next.js: 3ms, application-code: 30ms)
 GET /users/actions 200 in 103ms (next.js: 74ms, application-code: 28ms)
 GET /users/actions 200 in 33ms (next.js: 4ms, application-code: 30ms)
 GET /users/actions 200 in 42ms (next.js: 10ms, application-code: 33ms)
 GET /users/assets 200 in 33ms (next.js: 4ms, application-code: 30ms)
 GET /users/assets 200 in 37ms (next.js: 4ms, application-code: 33ms)
 GET /users/assets 200 in 30ms (next.js: 4ms, application-code: 26ms)
 GET /users/kyc 200 in 38ms (next.js: 4ms, application-code: 33ms)
 GET /users/kyc 200 in 38ms (next.js: 5ms, application-code: 33ms)
 GET /users/security 200 in 42ms (next.js: 8ms, application-code: 33ms)
 GET /users/security 200 in 37ms (next.js: 4ms, application-code: 32ms)
 GET /users/reg-risk 200 in 45ms (next.js: 4ms, application-code: 41ms)
 GET /users/reg-risk 200 in 38ms (next.js: 4ms, application-code: 34ms)
 GET /users/search/U-88421 200 in 43ms (next.js: 11ms, application-code: 32ms)
 GET /users/search/U-88421 200 in 37ms (next.js: 4ms, application-code: 33ms)
 GET /users/search/U-88421 200 in 34ms (next.js: 4ms, application-code: 30ms)
 GET /users/search/U-88421 200 in 36ms (next.js: 5ms, application-code: 31ms)
 GET /users/search/U-88421 200 in 36ms (next.js: 4ms, application-code: 32ms)
 GET /users/search/U-88421 200 in 59ms (next.js: 11ms, application-code: 48ms)
 GET /users/search/U-88421 200 in 38ms (next.js: 4ms, application-code: 34ms)
 GET /users/search/U-88421 200 in 41ms (next.js: 4ms, application-code: 38ms)
 GET /users/search/U-88421 200 in 29ms (next.js: 4ms, application-code: 26ms)
 GET /users/search/U-88421 200 in 28ms (next.js: 3ms, application-code: 25ms)
 GET /users/search/U-88421 200 in 33ms (next.js: 8ms, application-code: 25ms)
 GET /users/search/U-88421 200 in 29ms (next.js: 5ms, application-code: 24ms)
 GET /users/search/U-88421 200 in 39ms (next.js: 4ms, application-code: 35ms)
 GET /users/search/U-88421 200 in 29ms (next.js: 3ms, application-code: 26ms)
 GET /users/search/U-88421 200 in 32ms (next.js: 4ms, application-code: 28ms)
 GET /platform/rbac 200 in 40ms (next.js: 10ms, application-code: 30ms)
 GET /platform/rbac 200 in 33ms (next.js: 6ms, application-code: 27ms)
 GET /platform/rbac 200 in 30ms (next.js: 4ms, application-code: 26ms)
 GET /platform/rbac 200 in 33ms (next.js: 4ms, application-code: 29ms)
 GET /platform/audit 200 in 32ms (next.js: 4ms, application-code: 28ms)
 GET /platform/audit 200 in 42ms (next.js: 7ms, application-code: 35ms)
 GET /platform/audit 200 in 27ms (next.js: 4ms, application-code: 24ms)
 GET /platform/audit 200 in 38ms (next.js: 3ms, application-code: 35ms)
 GET /platform/config 200 in 36ms (next.js: 4ms, application-code: 33ms)
 GET /platform/config 200 in 41ms (next.js: 4ms, application-code: 38ms)
 GET /platform/config 200 in 36ms (next.js: 7ms, application-code: 29ms)
 GET /platform/config 200 in 31ms (next.js: 3ms, application-code: 28ms)
 GET /platform/events 200 in 32ms (next.js: 5ms, application-code: 27ms)
 GET /platform/events 200 in 39ms (next.js: 4ms, application-code: 35ms)
 GET /platform/events 200 in 95ms (next.js: 63ms, application-code: 33ms)
 GET /platform/events 200 in 31ms (next.js: 3ms, application-code: 27ms)
 GET /content/copy-ab 200 in 33ms (next.js: 4ms, application-code: 29ms)
 GET /content/copy-ab 200 in 37ms (next.js: 10ms, application-code: 26ms)
 GET /content/copy-ab 200 in 37ms (next.js: 3ms, application-code: 33ms)
 GET /content/nova 200 in 32ms (next.js: 4ms, application-code: 28ms)
 GET /content/nova 200 in 34ms (next.js: 8ms, application-code: 26ms)
 GET /content/nova 200 in 38ms (next.js: 3ms, application-code: 35ms)
 GET /content/notifications 200 in 26ms (next.js: 4ms, application-code: 23ms)
 GET /content/notifications 200 in 35ms (next.js: 3ms, application-code: 32ms)
 GET /content/notifications 200 in 32ms (next.js: 5ms, application-code: 27ms)
 GET /content/trust 200 in 33ms (next.js: 4ms, application-code: 29ms)
 GET /content/trust 200 in 34ms (next.js: 8ms, application-code: 27ms)
 GET /content/trust 200 in 34ms (next.js: 4ms, application-code: 30ms)
 GET /content/trust 200 in 35ms (next.js: 4ms, application-code: 31ms)
 GET /content/i18n 200 in 46ms (next.js: 4ms, application-code: 42ms)
 GET /content/i18n 200 in 31ms (next.js: 4ms, application-code: 27ms)
 GET /content/i18n 200 in 32ms (next.js: 4ms, application-code: 28ms)
 GET /content/i18n 200 in 36ms (next.js: 10ms, application-code: 26ms)
 GET /service/overview 200 in 34ms (next.js: 4ms, application-code: 30ms)
 GET /service/overview 200 in 32ms (next.js: 4ms, application-code: 28ms)
 GET /service/tickets 200 in 37ms (next.js: 5ms, application-code: 32ms)
 GET /service/tickets 200 in 40ms (next.js: 4ms, application-code: 36ms)
 GET /service/sessions 200 in 45ms (next.js: 4ms, application-code: 41ms)
 GET /service/sessions 200 in 39ms (next.js: 8ms, application-code: 31ms)
 GET /service/sessions 200 in 31ms (next.js: 5ms, application-code: 26ms)
 GET /service/kb-sla 200 in 34ms (next.js: 4ms, application-code: 30ms)
 GET /service/kb-sla 200 in 38ms (next.js: 4ms, application-code: 34ms)
 GET /service/scripts 200 in 29ms (next.js: 3ms, application-code: 26ms)
 GET /service/scripts 200 in 37ms (next.js: 8ms, application-code: 29ms)
 GET /platform/params-registry 200 in 310ms (next.js: 18ms, application-code: 292ms)
 GET /platform/params-registry 200 in 172ms (next.js: 4ms, application-code: 168ms)
 GET /platform/params-registry 200 in 192ms (next.js: 6ms, application-code: 187ms)
 GET /finance/params 200 in 61ms (next.js: 22ms, application-code: 39ms)
 GET /finance/params 200 in 29ms (next.js: 4ms, application-code: 25ms)
 GET /finance/params 200 in 31ms (next.js: 4ms, application-code: 28ms)
 GET /finance/params 200 in 31ms (next.js: 5ms, application-code: 26ms)
 GET / 200 in 40ms (next.js: 4ms, application-code: 36ms)
 GET /finance/recon 200 in 120ms (next.js: 73ms, application-code: 47ms)
 GET /finance/recon 200 in 36ms (next.js: 3ms, application-code: 33ms)
 GET /overview/dual-ledger 200 in 56ms (next.js: 4ms, application-code: 52ms)
 GET /finance/withdrawals 200 in 33ms (next.js: 3ms, application-code: 29ms)
 GET /finance/withdrawals 200 in 31ms (next.js: 6ms, application-code: 25ms)
 GET /overview/dual-ledger 200 in 30ms (next.js: 5ms, application-code: 24ms)
 GET /overview/dual-ledger 200 in 29ms (next.js: 5ms, application-code: 24ms)
 GET /overview/dual-ledger 200 in 27ms (next.js: 4ms, application-code: 23ms)
 GET / 200 in 30ms (next.js: 4ms, application-code: 26ms)
 GET /finance/withdrawals 200 in 44ms (next.js: 4ms, application-code: 40ms)
 GET /finance/withdrawals 200 in 35ms (next.js: 4ms, application-code: 32ms)
 GET / 200 in 27ms (next.js: 4ms, application-code: 24ms)
 GET / 200 in 27ms (next.js: 4ms, application-code: 23ms)
 GET /platform/rbac 200 in 180ms (next.js: 147ms, application-code: 33ms)
 GET /overview/liquidity 200 in 56ms (next.js: 21ms, application-code: 35ms)
 GET /network/royalty 200 in 157ms (next.js: 127ms, application-code: 30ms)
 GET /devices/pricing 200 in 29ms (next.js: 3ms, application-code: 26ms)
 GET /finance-products/staking 200 in 37ms (next.js: 4ms, application-code: 34ms)
 GET /risk/multi-account 200 in 33ms (next.js: 4ms, application-code: 29ms)
 GET /risk/abuse 200 in 42ms (next.js: 6ms, application-code: 36ms)
 GET /risk/withdrawal-rules 200 in 34ms (next.js: 4ms, application-code: 30ms)
 GET /risk/scoring 200 in 34ms (next.js: 8ms, application-code: 26ms)
 GET /risk/kyc-review 200 in 34ms (next.js: 3ms, application-code: 30ms)
 GET /finance/recon 200 in 38ms (next.js: 4ms, application-code: 34ms)
 GET /finance/recon 200 in 32ms (next.js: 3ms, application-code: 29ms)
 GET /finance/pool 200 in 41ms (next.js: 4ms, application-code: 38ms)
 GET /finance/pool 200 in 40ms (next.js: 8ms, application-code: 31ms)
 GET /finance/ledger 200 in 38ms (next.js: 3ms, application-code: 35ms)
 GET /finance/ledger 200 in 36ms (next.js: 4ms, application-code: 32ms)
 GET /finance-products/staking 200 in 33ms (next.js: 3ms, application-code: 30ms)
 GET /finance-products/staking 200 in 38ms (next.js: 6ms, application-code: 33ms)
 GET /finance-products/exchange 200 in 35ms (next.js: 9ms, application-code: 26ms)
 GET /finance-products/exchange 200 in 34ms (next.js: 4ms, application-code: 30ms)
 GET /finance-products/market 200 in 40ms (next.js: 5ms, application-code: 35ms)
 GET /finance-products/market 200 in 34ms (next.js: 3ms, application-code: 31ms)
 GET /finance-products/market 200 in 34ms (next.js: 4ms, application-code: 30ms)
 GET /finance-products/genesis 200 in 38ms (next.js: 8ms, application-code: 30ms)
 GET /finance-products/genesis 200 in 34ms (next.js: 5ms, application-code: 30ms)
 GET /finance-products/repurchase 200 in 31ms (next.js: 3ms, application-code: 28ms)
 GET /risk/janus-c2 200 in 50ms (next.js: 12ms, application-code: 39ms)
 GET /risk/janus-c2 404 in 656ms (next.js: 639ms, application-code: 17ms)
 GET /risk/janus-c2 404 in 663ms (next.js: 656ms, application-code: 7ms)
 GET /risk/janus-c2 404 in 676ms (next.js: 670ms, application-code: 6ms)
 GET /risk/janus-c2 404 in 688ms (next.js: 679ms, application-code: 9ms)
 GET /risk/janus-c2 404 in 23ms (next.js: 14ms, application-code: 10ms)
 GET /risk/janus-c2 404 in 28ms (next.js: 24ms, application-code: 4ms)
 GET /risk/janus-c2 404 in 36ms (next.js: 28ms, application-code: 8ms)
 GET /risk/janus-c2 404 in 42ms (next.js: 37ms, application-code: 4ms)
 GET /risk/janus-c2 404 in 50ms (next.js: 45ms, application-code: 4ms)
 GET /risk/janus-c2 404 in 61ms (next.js: 51ms, application-code: 10ms)
 GET /risk/janus-c2 404 in 71ms (next.js: 64ms, application-code: 7ms)
 GET /risk/janus-c2 404 in 82ms (next.js: 73ms, application-code: 9ms)
 GET /finance-products/staking 200 in 894ms (next.js: 248ms, application-code: 646ms)
 GET /finance-products/staking 200 in 894ms (next.js: 197ms, application-code: 697ms)
 GET /risk/kyc-review 200 in 896ms (next.js: 339ms, application-code: 557ms)
 GET /finance-products/staking 200 in 897ms (next.js: 424ms, application-code: 473ms)
 GET /finance-products/staking 200 in 898ms (next.js: 382ms, application-code: 516ms)
 GET /finance-products/staking 200 in 406ms (next.js: 70ms, application-code: 336ms)
 GET /risk/kyc-review 200 in 409ms (next.js: 94ms, application-code: 315ms)
 GET /finance-products/staking 200 in 408ms (next.js: 144ms, application-code: 264ms)
 GET /finance-products/staking 200 in 409ms (next.js: 167ms, application-code: 242ms)
 GET /finance-products/staking 200 in 410ms (next.js: 116ms, application-code: 294ms)
 GET /risk/kyc-review 200 in 363ms (next.js: 91ms, application-code: 272ms)
 GET /finance-products/staking 200 in 365ms (next.js: 10ms, application-code: 356ms)
 GET /risk/kyc-review 200 in 366ms (next.js: 31ms, application-code: 335ms)
 GET /risk/kyc-review 200 in 366ms (next.js: 51ms, application-code: 315ms)
 GET /finance-products/staking 200 in 367ms (next.js: 72ms, application-code: 294ms)
 GET /risk/kyc-review 200 in 367ms (next.js: 110ms, application-code: 257ms)
 GET /finance-products/staking 200 in 369ms (next.js: 129ms, application-code: 241ms)
 GET /finance-products/staking 200 in 370ms (next.js: 146ms, application-code: 224ms)
 GET /risk/kyc-review 200 in 326ms (next.js: 14ms, application-code: 311ms)
 GET /finance-products/staking 200 in 283ms (next.js: 61ms, application-code: 222ms)
 GET /finance-products/staking 200 in 322ms (next.js: 74ms, application-code: 248ms)
 GET /finance-products/staking 200 in 284ms (next.js: 87ms, application-code: 198ms)
 GET /finance-products/staking 200 in 325ms (next.js: 50ms, application-code: 274ms)
 GET /risk/kyc-review 200 in 394ms (next.js: 20ms, application-code: 374ms)
 GET /finance-products/staking 200 in 420ms (next.js: 57ms, application-code: 363ms)
 GET /finance-products/staking 200 in 423ms (next.js: 35ms, application-code: 388ms)
 GET /finance-products/staking 200 in 423ms (next.js: 78ms, application-code: 346ms)
 GET /finance-products/staking 200 in 404ms (next.js: 73ms, application-code: 331ms)
 GET /risk/kyc-review 200 in 481ms (next.js: 22ms, application-code: 460ms)
 GET /risk/kyc-review 200 in 481ms (next.js: 64ms, application-code: 417ms)
 GET /risk/kyc-review 200 in 482ms (next.js: 41ms, application-code: 441ms)
 GET /risk/kyc-review 200 in 482ms (next.js: 85ms, application-code: 397ms)
 GET /finance-products/staking 200 in 505ms (next.js: 100ms, application-code: 405ms)
 GET /finance-products/staking 200 in 505ms (next.js: 116ms, application-code: 389ms)
 GET /finance-products/staking 200 in 504ms (next.js: 135ms, application-code: 369ms)
 GET /finance-products/staking 200 in 355ms (next.js: 6ms, application-code: 348ms)
 GET /risk/kyc-review 200 in 398ms (next.js: 15ms, application-code: 384ms)
 GET /finance-products/staking 200 in 460ms (next.js: 107ms, application-code: 353ms)
 GET /finance-products/staking 200 in 460ms (next.js: 130ms, application-code: 330ms)
 GET /finance-products/staking 200 in 463ms (next.js: 84ms, application-code: 379ms)
 GET /finance-products/staking 200 in 385ms (next.js: 11ms, application-code: 374ms)
 GET /risk/kyc-review 200 in 545ms (next.js: 14ms, application-code: 531ms)
 GET /finance-products/staking 200 in 532ms (next.js: 10ms, application-code: 523ms)
 GET /finance-products/staking 200 in 533ms (next.js: 33ms, application-code: 500ms)
 GET /finance-products/staking 200 in 533ms (next.js: 54ms, application-code: 479ms)
 GET /finance-products/staking 200 in 536ms (next.js: 10ms, application-code: 527ms)
 GET /risk/kyc-review 200 in 537ms (next.js: 38ms, application-code: 500ms)
 GET /risk/kyc-review 200 in 538ms (next.js: 63ms, application-code: 475ms)
 GET /risk/kyc-review 200 in 540ms (next.js: 11ms, application-code: 529ms)
 GET /risk/kyc-review 200 in 568ms (next.js: 86ms, application-code: 482ms)
 GET /finance-products/staking 200 in 459ms (next.js: 10ms, application-code: 449ms)
 GET /finance-products/staking 200 in 459ms (next.js: 32ms, application-code: 427ms)
 GET /finance-products/staking 200 in 460ms (next.js: 53ms, application-code: 406ms)
 GET /finance-products/staking 200 in 457ms (next.js: 165ms, application-code: 292ms)
 GET /risk/kyc-review 200 in 349ms (next.js: 9ms, application-code: 340ms)
 GET /finance-products/staking 200 in 381ms (next.js: 10ms, application-code: 372ms)
 GET /finance-products/staking 200 in 382ms (next.js: 53ms, application-code: 329ms)
 GET /finance-products/staking 200 in 383ms (next.js: 32ms, application-code: 351ms)
 GET /finance-products/staking 200 in 383ms (next.js: 7ms, application-code: 376ms)
 GET /risk/kyc-review 200 in 381ms (next.js: 10ms, application-code: 372ms)
 GET /finance-products/staking 200 in 376ms (next.js: 27ms, application-code: 349ms)
 GET /finance-products/staking 200 in 378ms (next.js: 7ms, application-code: 371ms)
 GET /finance-products/staking 200 in 379ms (next.js: 48ms, application-code: 332ms)
 GET /finance-products/staking 200 in 388ms (next.js: 19ms, application-code: 370ms)
 GET /risk/kyc-review 200 in 391ms (next.js: 46ms, application-code: 345ms)
 GET /risk/kyc-review 200 in 392ms (next.js: 24ms, application-code: 369ms)
 GET /risk/kyc-review 200 in 379ms (next.js: 54ms, application-code: 325ms)
 GET /risk/kyc-review 200 in 377ms (next.js: 44ms, application-code: 333ms)
 GET /finance-products/staking 200 in 321ms (next.js: 52ms, application-code: 269ms)
 GET /finance-products/staking 200 in 325ms (next.js: 32ms, application-code: 293ms)
 GET /finance-products/staking 200 in 327ms (next.js: 14ms, application-code: 314ms)
 GET /finance-products/staking 200 in 328ms (next.js: 11ms, application-code: 317ms)
 GET /risk/kyc-review 200 in 355ms (next.js: 12ms, application-code: 343ms)
 GET /finance-products/staking 200 in 393ms (next.js: 31ms, application-code: 362ms)
 GET /finance-products/staking 200 in 393ms (next.js: 54ms, application-code: 339ms)
 GET /finance-products/staking 200 in 395ms (next.js: 6ms, application-code: 389ms)
 GET /finance-products/staking 200 in 379ms (next.js: 13ms, application-code: 366ms)
 GET /risk/kyc-review 200 in 379ms (next.js: 34ms, application-code: 345ms)
 GET /finance-products/staking 200 in 359ms (next.js: 8ms, application-code: 351ms)
 GET /finance-products/staking 200 in 359ms (next.js: 33ms, application-code: 326ms)
 GET /finance-products/staking 200 in 360ms (next.js: 53ms, application-code: 307ms)
 GET /risk/kyc-review 200 in 358ms (next.js: 7ms, application-code: 351ms)
 GET /risk/kyc-review 200 in 359ms (next.js: 33ms, application-code: 326ms)
 GET /risk/kyc-review 200 in 312ms (next.js: 16ms, application-code: 296ms)
 GET /finance-products/staking 200 in 313ms (next.js: 37ms, application-code: 276ms)
 GET /risk/kyc-review 200 in 338ms (next.js: 60ms, application-code: 277ms)
 GET /finance-products/staking 200 in 280ms (next.js: 6ms, application-code: 274ms)
 GET /finance-products/staking 200 in 280ms (next.js: 25ms, application-code: 255ms)
 GET /finance-products/staking 200 in 282ms (next.js: 43ms, application-code: 240ms)
 GET /risk/kyc-review 200 in 324ms (next.js: 10ms, application-code: 314ms)
 GET /finance-products/staking 200 in 361ms (next.js: 31ms, application-code: 330ms)
 GET /finance-products/staking 200 in 428ms (next.js: 28ms, application-code: 400ms)
 GET /finance-products/staking 200 in 429ms (next.js: 7ms, application-code: 423ms)
 GET /finance-products/staking 200 in 431ms (next.js: 55ms, application-code: 376ms)
 GET /risk/kyc-review 200 in 428ms (next.js: 11ms, application-code: 417ms)
 GET /finance-products/staking 200 in 434ms (next.js: 7ms, application-code: 427ms)
 GET /finance-products/staking 200 in 442ms (next.js: 7ms, application-code: 435ms)
 GET /finance-products/staking 200 in 442ms (next.js: 50ms, application-code: 391ms)
 GET /finance-products/staking 200 in 443ms (next.js: 28ms, application-code: 415ms)
 GET /risk/kyc-review 200 in 446ms (next.js: 70ms, application-code: 376ms)
 GET /risk/kyc-review 200 in 449ms (next.js: 89ms, application-code: 360ms)
 GET /risk/kyc-review 200 in 433ms (next.js: 54ms, application-code: 379ms)
 GET /risk/kyc-review 200 in 401ms (next.js: 16ms, application-code: 385ms)
 GET /finance-products/staking 200 in 306ms (next.js: 8ms, application-code: 297ms)
 GET /finance-products/staking 200 in 284ms (next.js: 30ms, application-code: 254ms)
 GET /finance-products/staking 200 in 284ms (next.js: 52ms, application-code: 232ms)
 GET /finance-products/staking 200 in 286ms (next.js: 6ms, application-code: 280ms)
 GET /risk/kyc-review 200 in 383ms (next.js: 12ms, application-code: 371ms)
 GET /finance-products/staking 200 in 367ms (next.js: 12ms, application-code: 355ms)
 GET /finance-products/staking 200 in 331ms (next.js: 13ms, application-code: 318ms)
 GET /finance-products/staking 200 in 332ms (next.js: 34ms, application-code: 298ms)
 GET /finance-products/staking 200 in 355ms (next.js: 60ms, application-code: 295ms)
 GET /risk/kyc-review 200 in 356ms (next.js: 82ms, application-code: 274ms)
 GET /finance-products/staking 200 in 335ms (next.js: 21ms, application-code: 314ms)
 GET /risk/kyc-review 200 in 330ms (next.js: 41ms, application-code: 289ms)
 GET /finance-products/staking 200 in 329ms (next.js: 104ms, application-code: 225ms)
 GET /finance-products/staking 200 in 330ms (next.js: 84ms, application-code: 247ms)
 GET /risk/kyc-review 200 in 331ms (next.js: 65ms, application-code: 266ms)
 GET /risk/kyc-review 200 in 318ms (next.js: 94ms, application-code: 224ms)
 GET /finance-products/staking 200 in 318ms (next.js: 112ms, application-code: 206ms)
 GET /risk/kyc-review 200 in 291ms (next.js: 8ms, application-code: 283ms)
 GET /finance-products/staking 200 in 267ms (next.js: 10ms, application-code: 258ms)
 GET /finance-products/staking 200 in 295ms (next.js: 28ms, application-code: 267ms)
 GET /finance-products/staking 200 in 295ms (next.js: 45ms, application-code: 250ms)
 GET /finance-products/staking 200 in 321ms (next.js: 43ms, application-code: 277ms)
 GET /risk/kyc-review 200 in 328ms (next.js: 29ms, application-code: 298ms)
 GET /finance-products/staking 200 in 305ms (next.js: 8ms, application-code: 297ms)
 GET /finance-products/staking 200 in 303ms (next.js: 68ms, application-code: 236ms)
 GET /risk/kyc-review 200 in 305ms (next.js: 25ms, application-code: 280ms)
 GET /finance-products/staking 200 in 305ms (next.js: 49ms, application-code: 257ms)
 GET /finance-products/staking 200 in 290ms (next.js: 71ms, application-code: 220ms)
 GET /risk/kyc-review 200 in 310ms (next.js: 14ms, application-code: 296ms)
 GET /risk/kyc-review 200 in 311ms (next.js: 35ms, application-code: 275ms)
 GET /finance-products/staking 200 in 311ms (next.js: 57ms, application-code: 254ms)
 GET /finance-products/staking 200 in 285ms (next.js: 54ms, application-code: 231ms)
 GET /finance-products/staking 200 in 285ms (next.js: 75ms, application-code: 210ms)
 GET /finance-products/staking 200 in 276ms (next.js: 49ms, application-code: 227ms)
 GET /finance-products/staking 200 in 302ms (next.js: 14ms, application-code: 288ms)
 GET /finance-products/staking 200 in 300ms (next.js: 41ms, application-code: 259ms)
 GET /finance-products/staking 200 in 302ms (next.js: 71ms, application-code: 232ms)
 GET /finance-products/staking 200 in 295ms (next.js: 71ms, application-code: 223ms)
 GET /finance-products/staking 200 in 300ms (next.js: 13ms, application-code: 287ms)
 GET /finance-products/staking 200 in 298ms (next.js: 58ms, application-code: 240ms)
 GET /finance-products/staking 200 in 300ms (next.js: 38ms, application-code: 263ms)
 GET /finance-products/staking 200 in 281ms (next.js: 25ms, application-code: 256ms)
 GET /finance-products/staking 200 in 268ms (next.js: 11ms, application-code: 257ms)
 GET /finance-products/staking 200 in 265ms (next.js: 27ms, application-code: 238ms)
 GET /finance-products/staking 200 in 270ms (next.js: 72ms, application-code: 199ms)
 GET /finance-products/staking 200 in 223ms (next.js: 8ms, application-code: 215ms)
 GET /finance-products/staking 200 in 221ms (next.js: 9ms, application-code: 212ms)
 GET /finance-products/staking 200 in 220ms (next.js: 25ms, application-code: 195ms)
 GET /finance-products/staking 200 in 211ms (next.js: 10ms, application-code: 201ms)
 GET /finance-products/staking 200 in 209ms (next.js: 6ms, application-code: 203ms)
 GET /finance-products/staking 200 in 188ms (next.js: 9ms, application-code: 180ms)
 GET /finance-products/staking 200 in 209ms (next.js: 31ms, application-code: 179ms)
 GET /finance-products/staking 200 in 216ms (next.js: 6ms, application-code: 211ms)
 GET /finance-products/staking 200 in 277ms (next.js: 5ms, application-code: 273ms)
 GET /finance-products/staking 200 in 263ms (next.js: 5ms, application-code: 258ms)
 GET /finance-products/staking 200 in 291ms (next.js: 21ms, application-code: 270ms)
 GET /finance-products/staking 200 in 294ms (next.js: 6ms, application-code: 288ms)
 GET /finance-products/staking 200 in 304ms (next.js: 7ms, application-code: 297ms)
 GET /finance-products/staking 200 in 303ms (next.js: 32ms, application-code: 271ms)
 GET /finance-products/staking 200 in 300ms (next.js: 30ms, application-code: 270ms)
 GET /finance-products/staking 200 in 303ms (next.js: 70ms, application-code: 234ms)
 GET /finance-products/staking 200 in 296ms (next.js: 8ms, application-code: 289ms)
 GET /finance-products/staking 200 in 303ms (next.js: 35ms, application-code: 268ms)
 GET /finance-products/staking 200 in 300ms (next.js: 27ms, application-code: 273ms)
 GET /finance-products/staking 200 in 292ms (next.js: 5ms, application-code: 287ms)
 GET /finance-products/staking 200 in 281ms (next.js: 6ms, application-code: 275ms)
 GET /finance-products/staking 200 in 282ms (next.js: 28ms, application-code: 254ms)
 GET /finance-products/staking 200 in 292ms (next.js: 29ms, application-code: 263ms)
 GET /finance-products/staking 200 in 282ms (next.js: 10ms, application-code: 273ms)
 GET /finance-products/staking 200 in 204ms (next.js: 11ms, application-code: 193ms)
 GET /finance-products/staking 200 in 196ms (next.js: 5ms, application-code: 191ms)
 GET /finance-products/staking 200 in 200ms (next.js: 6ms, application-code: 194ms)
 GET /finance-products/staking 200 in 224ms (next.js: 6ms, application-code: 218ms)
 GET /finance-products/staking 200 in 209ms (next.js: 14ms, application-code: 195ms)
 GET /finance-products/staking 200 in 207ms (next.js: 9ms, application-code: 198ms)
 GET /finance-products/staking 200 in 204ms (next.js: 31ms, application-code: 172ms)
 GET /finance-products/staking 200 in 233ms (next.js: 7ms, application-code: 226ms)
 GET /finance-products/staking 200 in 209ms (next.js: 8ms, application-code: 201ms)
 GET /finance-products/staking 200 in 208ms (next.js: 5ms, application-code: 203ms)
 GET /finance-products/staking 200 in 233ms (next.js: 29ms, application-code: 204ms)
 GET /finance-products/staking 200 in 245ms (next.js: 13ms, application-code: 232ms)
 GET /finance-products/staking 200 in 225ms (next.js: 8ms, application-code: 217ms)
 GET /finance-products/staking 200 in 260ms (next.js: 29ms, application-code: 231ms)
 GET /finance-products/staking 200 in 239ms (next.js: 30ms, application-code: 209ms)
 GET /finance-products/staking 200 in 302ms (next.js: 6ms, application-code: 296ms)
 GET /finance-products/staking 200 in 285ms (next.js: 9ms, application-code: 277ms)
 GET /finance-products/staking 200 in 292ms (next.js: 12ms, application-code: 280ms)
 GET /finance-products/staking 200 in 319ms (next.js: 34ms, application-code: 285ms)
 GET /finance-products/staking 200 in 331ms (next.js: 25ms, application-code: 305ms)
 GET /finance-products/staking 200 in 296ms (next.js: 13ms, application-code: 283ms)
 GET /finance-products/staking 200 in 328ms (next.js: 44ms, application-code: 283ms)
 GET /finance-products/staking 200 in 292ms (next.js: 13ms, application-code: 279ms)
 GET /finance-products/staking 200 in 307ms (next.js: 12ms, application-code: 295ms)
 GET /finance-products/staking 200 in 276ms (next.js: 11ms, application-code: 265ms)
 GET /finance-products/staking 200 in 298ms (next.js: 15ms, application-code: 283ms)
 GET /finance-products/staking 200 in 295ms (next.js: 38ms, application-code: 257ms)
 GET /finance-products/staking 200 in 291ms (next.js: 13ms, application-code: 277ms)
 GET /finance-products/staking 200 in 285ms (next.js: 41ms, application-code: 244ms)
 GET /finance-products/staking 200 in 243ms (next.js: 14ms, application-code: 229ms)
 GET /finance-products/staking 200 in 272ms (next.js: 36ms, application-code: 236ms)
 GET /finance-products/staking 200 in 292ms (next.js: 8ms, application-code: 285ms)
 GET /finance-products/staking 200 in 308ms (next.js: 29ms, application-code: 279ms)
 GET /finance-products/staking 200 in 295ms (next.js: 11ms, application-code: 284ms)
 GET /finance-products/staking 200 in 297ms (next.js: 17ms, application-code: 280ms)
 GET /finance-products/staking 200 in 316ms (next.js: 7ms, application-code: 308ms)
 GET /finance-products/staking 200 in 315ms (next.js: 36ms, application-code: 279ms)
 GET /finance-products/staking 200 in 298ms (next.js: 12ms, application-code: 285ms)
 GET /finance-products/staking 200 in 256ms (next.js: 12ms, application-code: 243ms)
 GET /finance-products/staking 200 in 254ms (next.js: 8ms, application-code: 245ms)
 GET /finance-products/staking 200 in 254ms (next.js: 38ms, application-code: 216ms)
 GET /finance-products/staking 200 in 249ms (next.js: 9ms, application-code: 240ms)
 GET /finance-products/staking 200 in 221ms (next.js: 7ms, application-code: 214ms)
 GET /finance-products/staking 200 in 247ms (next.js: 8ms, application-code: 239ms)
 GET /finance-products/staking 200 in 255ms (next.js: 30ms, application-code: 224ms)
 GET /finance-products/staking 200 in 263ms (next.js: 10ms, application-code: 253ms)
 GET /finance-products/staking 200 in 239ms (next.js: 9ms, application-code: 230ms)
 GET /finance-products/staking 200 in 271ms (next.js: 16ms, application-code: 255ms)
 GET /finance-products/staking 200 in 273ms (next.js: 35ms, application-code: 238ms)
 GET /finance-products/staking 200 in 274ms (next.js: 11ms, application-code: 263ms)
 GET /finance-products/staking 200 in 247ms (next.js: 5ms, application-code: 242ms)
 GET /finance-products/staking 200 in 248ms (next.js: 17ms, application-code: 230ms)
 GET /finance-products/staking 200 in 213ms (next.js: 10ms, application-code: 204ms)
 GET /finance-products/staking 200 in 194ms (next.js: 12ms, application-code: 183ms)
 GET /finance-products/staking 200 in 192ms (next.js: 36ms, application-code: 156ms)
 GET /finance-products/staking 200 in 142ms (next.js: 12ms, application-code: 130ms)
 GET /finance-products/staking 200 in 110ms (next.js: 10ms, application-code: 99ms)
 GET /finance-products/staking 200 in 73ms (next.js: 6ms, application-code: 67ms)
 GET /risk/janus-c2 404 in 7ms (next.js: 3ms, application-code: 4ms)
 GET /risk/multi-account 200 in 335ms (next.js: 11ms, application-code: 324ms)
 GET /risk/abuse 200 in 47ms (next.js: 4ms, application-code: 43ms)
 GET /risk/withdrawal-rules 200 in 42ms (next.js: 4ms, application-code: 38ms)
 GET /risk/scoring 200 in 36ms (next.js: 8ms, application-code: 28ms)
 GET /risk/kyc-review 200 in 45ms (next.js: 4ms, application-code: 41ms)
 GET / 200 in 79ms (next.js: 13ms, application-code: 65ms)
 GET /favicon.ico 200 in 30ms (next.js: 26ms, application-code: 4ms)
 GET /finance-products/staking 200 in 49ms (next.js: 13ms, application-code: 36ms)
 GET /platform/rbac 200 in 50ms (next.js: 11ms, application-code: 39ms)
 GET /risk/janus-c2 404 in 8ms (next.js: 2ms, application-code: 6ms)
 GET / 200 in 34ms (next.js: 5ms, application-code: 29ms)
 GET / 200 in 32ms (next.js: 3ms, application-code: 29ms)
 GET / 200 in 33ms (next.js: 4ms, application-code: 29ms)
 GET / 200 in 31ms (next.js: 5ms, application-code: 26ms)
 GET / 200 in 29ms (next.js: 3ms, application-code: 26ms)
 GET / 200 in 25ms (next.js: 4ms, application-code: 21ms)
 GET / 200 in 27ms (next.js: 3ms, application-code: 23ms)
 GET / 200 in 31ms (next.js: 4ms, application-code: 27ms)
 GET /overview/dual-ledger 200 in 46ms (next.js: 11ms, application-code: 35ms)
 GET /overview/dual-ledger 200 in 27ms (next.js: 3ms, application-code: 24ms)
 GET /overview/dual-ledger 200 in 36ms (next.js: 4ms, application-code: 33ms)
 GET /finance/withdrawals 200 in 68ms (next.js: 17ms, application-code: 51ms)
 GET /finance/withdrawals 200 in 43ms (next.js: 4ms, application-code: 39ms)
 GET /finance/withdrawals 200 in 30ms (next.js: 5ms, application-code: 26ms)
 GET /finance/withdrawals 200 in 34ms (next.js: 3ms, application-code: 30ms)
 GET /finance/withdrawals 200 in 29ms (next.js: 5ms, application-code: 24ms)
 GET /users/search/U-88421 200 in 54ms (next.js: 14ms, application-code: 40ms)
 GET /users/search 200 in 62ms (next.js: 15ms, application-code: 47ms)
 GET /users/search 200 in 42ms (next.js: 4ms, application-code: 38ms)
 GET /users/search 200 in 39ms (next.js: 3ms, application-code: 35ms)
 GET /users/search 200 in 46ms (next.js: 6ms, application-code: 41ms)
 GET /users/search 200 in 39ms (next.js: 5ms, application-code: 34ms)
 GET /users/actions 200 in 50ms (next.js: 10ms, application-code: 40ms)
 GET /users/actions 200 in 37ms (next.js: 5ms, application-code: 31ms)
 GET /users/actions 200 in 42ms (next.js: 4ms, application-code: 38ms)
 GET /users/assets 200 in 33ms (next.js: 4ms, application-code: 30ms)
 GET /users/assets 200 in 45ms (next.js: 5ms, application-code: 40ms)
 GET /users/assets 200 in 43ms (next.js: 8ms, application-code: 35ms)
 GET /users/kyc 200 in 35ms (next.js: 4ms, application-code: 31ms)
 GET /users/kyc 200 in 41ms (next.js: 4ms, application-code: 37ms)
 GET /users/security 200 in 38ms (next.js: 4ms, application-code: 34ms)
 GET /users/security 200 in 40ms (next.js: 4ms, application-code: 36ms)
 GET /users/reg-risk 200 in 40ms (next.js: 8ms, application-code: 32ms)
 GET /users/reg-risk 200 in 38ms (next.js: 3ms, application-code: 35ms)
 GET /users/search/U-88421 200 in 39ms (next.js: 7ms, application-code: 32ms)
 GET /users/search/U-88421 200 in 34ms (next.js: 3ms, application-code: 30ms)
 GET /users/search/U-88421 200 in 42ms (next.js: 4ms, application-code: 39ms)
 GET /users/search/U-88421 200 in 27ms (next.js: 3ms, application-code: 24ms)
 GET /users/search/U-88421 200 in 28ms (next.js: 4ms, application-code: 24ms)
 GET /users/search/U-88421 200 in 34ms (next.js: 8ms, application-code: 26ms)
 GET /users/search/U-88421 200 in 31ms (next.js: 4ms, application-code: 27ms)
 GET /users/search/U-88421 200 in 34ms (next.js: 3ms, application-code: 31ms)
 GET /users/search/U-88421 200 in 34ms (next.js: 3ms, application-code: 30ms)
 GET /users/search/U-88421 200 in 39ms (next.js: 4ms, application-code: 35ms)
 GET /users/search/U-88421 200 in 55ms (next.js: 9ms, application-code: 46ms)
 GET /users/search/U-88421 200 in 37ms (next.js: 3ms, application-code: 34ms)
 GET /users/search/U-88421 200 in 30ms (next.js: 3ms, application-code: 27ms)
 GET /users/search/U-88421 200 in 28ms (next.js: 3ms, application-code: 25ms)
 GET /users/search/U-88421 200 in 34ms (next.js: 3ms, application-code: 30ms)
 GET /platform/rbac 200 in 41ms (next.js: 9ms, application-code: 32ms)
 GET /platform/rbac 200 in 36ms (next.js: 4ms, application-code: 33ms)
 GET /platform/rbac 200 in 35ms (next.js: 4ms, application-code: 31ms)
 GET /platform/rbac 200 in 36ms (next.js: 3ms, application-code: 33ms)
 GET /platform/audit 200 in 35ms (next.js: 7ms, application-code: 28ms)
 GET /platform/audit 200 in 27ms (next.js: 3ms, application-code: 23ms)
 GET /platform/audit 200 in 25ms (next.js: 3ms, application-code: 22ms)
 GET /platform/audit 200 in 27ms (next.js: 4ms, application-code: 23ms)
 GET /platform/config 200 in 26ms (next.js: 3ms, application-code: 23ms)
 GET /platform/config 200 in 32ms (next.js: 8ms, application-code: 25ms)
 GET /platform/config 200 in 27ms (next.js: 3ms, application-code: 24ms)
 GET /platform/config 200 in 38ms (next.js: 4ms, application-code: 35ms)
 GET /platform/events 200 in 29ms (next.js: 3ms, application-code: 26ms)
 GET /platform/events 200 in 39ms (next.js: 9ms, application-code: 30ms)
 GET /platform/events 200 in 31ms (next.js: 3ms, application-code: 28ms)
 GET /platform/events 200 in 31ms (next.js: 4ms, application-code: 27ms)
 GET /content/copy-ab 200 in 42ms (next.js: 4ms, application-code: 38ms)
 GET /content/copy-ab 200 in 96ms (next.js: 65ms, application-code: 32ms)
 GET /content/copy-ab 200 in 35ms (next.js: 4ms, application-code: 31ms)
 GET /content/nova 200 in 43ms (next.js: 3ms, application-code: 40ms)
 GET /content/nova 200 in 96ms (next.js: 67ms, application-code: 29ms)
 GET /content/nova 200 in 31ms (next.js: 3ms, application-code: 28ms)
 GET /content/notifications 200 in 85ms (next.js: 58ms, application-code: 27ms)
 GET /content/notifications 200 in 31ms (next.js: 5ms, application-code: 26ms)
 GET /content/notifications 200 in 30ms (next.js: 3ms, application-code: 27ms)
 GET /content/trust 200 in 30ms (next.js: 5ms, application-code: 26ms)
 GET /content/trust 200 in 30ms (next.js: 4ms, application-code: 26ms)
 GET /content/trust 200 in 53ms (next.js: 4ms, application-code: 49ms)
 GET /content/trust 200 in 41ms (next.js: 9ms, application-code: 32ms)
 GET /content/i18n 200 in 33ms (next.js: 3ms, application-code: 30ms)
 GET /content/i18n 200 in 34ms (next.js: 3ms, application-code: 31ms)
 GET /content/i18n 200 in 45ms (next.js: 6ms, application-code: 38ms)
 GET /content/i18n 200 in 32ms (next.js: 4ms, application-code: 29ms)
 GET /service/overview 200 in 36ms (next.js: 8ms, application-code: 28ms)
 GET /service/overview 200 in 36ms (next.js: 4ms, application-code: 32ms)
 GET /service/tickets 200 in 30ms (next.js: 3ms, application-code: 27ms)
 GET /service/tickets 200 in 29ms (next.js: 3ms, application-code: 26ms)
 GET /service/sessions 200 in 37ms (next.js: 3ms, application-code: 34ms)
 GET /service/sessions 200 in 28ms (next.js: 3ms, application-code: 25ms)
 GET /service/sessions 200 in 44ms (next.js: 10ms, application-code: 34ms)
 GET /service/kb-sla 200 in 32ms (next.js: 3ms, application-code: 29ms)
 GET /service/kb-sla 200 in 33ms (next.js: 3ms, application-code: 30ms)
 GET /service/scripts 200 in 29ms (next.js: 4ms, application-code: 26ms)
 GET /service/scripts 200 in 31ms (next.js: 4ms, application-code: 26ms)
 GET /platform/params-registry 200 in 191ms (next.js: 12ms, application-code: 178ms)
 GET /platform/params-registry 200 in 169ms (next.js: 4ms, application-code: 165ms)
 GET /platform/params-registry 200 in 180ms (next.js: 3ms, application-code: 176ms)
 GET /finance/params 200 in 52ms (next.js: 16ms, application-code: 36ms)
 GET /finance/params 200 in 32ms (next.js: 5ms, application-code: 27ms)
 GET /finance/params 200 in 30ms (next.js: 3ms, application-code: 26ms)
 GET /finance/params 200 in 31ms (next.js: 6ms, application-code: 26ms)
 GET / 200 in 32ms (next.js: 3ms, application-code: 29ms)
 GET /finance/recon 200 in 53ms (next.js: 7ms, application-code: 46ms)
 GET /finance/recon 200 in 35ms (next.js: 5ms, application-code: 30ms)
 GET /overview/dual-ledger 200 in 28ms (next.js: 4ms, application-code: 24ms)
 GET /finance/withdrawals 200 in 29ms (next.js: 3ms, application-code: 26ms)
 GET /finance/withdrawals 200 in 36ms (next.js: 5ms, application-code: 32ms)
 GET /overview/dual-ledger 200 in 44ms (next.js: 6ms, application-code: 38ms)
 GET /overview/dual-ledger 200 in 34ms (next.js: 5ms, application-code: 30ms)
 GET /overview/dual-ledger 200 in 31ms (next.js: 4ms, application-code: 27ms)
 GET / 200 in 34ms (next.js: 3ms, application-code: 30ms)
 GET /finance/withdrawals 200 in 42ms (next.js: 3ms, application-code: 39ms)
 GET /finance/withdrawals 200 in 32ms (next.js: 5ms, application-code: 27ms)
 GET / 200 in 30ms (next.js: 4ms, application-code: 26ms)
 GET / 200 in 26ms (next.js: 4ms, application-code: 22ms)
 GET /platform/rbac 200 in 105ms (next.js: 77ms, application-code: 29ms)
 GET /overview/liquidity 200 in 53ms (next.js: 9ms, application-code: 44ms)
 GET /network/royalty 200 in 30ms (next.js: 3ms, application-code: 27ms)
 GET /devices/pricing 200 in 37ms (next.js: 9ms, application-code: 29ms)
 GET /finance-products/staking 200 in 32ms (next.js: 3ms, application-code: 28ms)
 GET /risk/multi-account 200 in 36ms (next.js: 3ms, application-code: 33ms)
 GET /risk/abuse 200 in 30ms (next.js: 3ms, application-code: 26ms)
 GET /risk/withdrawal-rules 200 in 33ms (next.js: 7ms, application-code: 26ms)
 GET /risk/scoring 200 in 28ms (next.js: 3ms, application-code: 25ms)
 GET /risk/kyc-review 200 in 28ms (next.js: 3ms, application-code: 25ms)
 GET /finance/recon 200 in 28ms (next.js: 3ms, application-code: 25ms)
 GET /finance/recon 200 in 35ms (next.js: 9ms, application-code: 26ms)
 GET /finance/pool 200 in 40ms (next.js: 3ms, application-code: 37ms)
 GET /finance/pool 200 in 29ms (next.js: 3ms, application-code: 27ms)
 GET /finance/ledger 200 in 30ms (next.js: 5ms, application-code: 26ms)
 GET /finance/ledger 200 in 33ms (next.js: 7ms, application-code: 26ms)
 GET /finance-products/staking 200 in 27ms (next.js: 3ms, application-code: 24ms)
 GET /finance-products/staking 200 in 29ms (next.js: 3ms, application-code: 26ms)
 GET /finance-products/exchange 200 in 108ms (next.js: 75ms, application-code: 33ms)
 GET /finance-products/exchange 200 in 28ms (next.js: 3ms, application-code: 25ms)
 GET /finance-products/market 200 in 35ms (next.js: 3ms, application-code: 32ms)
 GET /finance-products/market 200 in 27ms (next.js: 3ms, application-code: 24ms)
 GET /finance-products/market 200 in 28ms (next.js: 4ms, application-code: 24ms)
 GET /finance-products/genesis 200 in 34ms (next.js: 3ms, application-code: 30ms)
 GET /finance-products/genesis 200 in 32ms (next.js: 7ms, application-code: 25ms)
 GET /finance-products/repurchase 200 in 29ms (next.js: 3ms, application-code: 26ms)
 GET / 200 in 35ms (next.js: 4ms, application-code: 30ms)
 GET /favicon.ico 200 in 6ms (next.js: 2ms, application-code: 3ms)
 GET /finance-products/staking 200 in 40ms (next.js: 10ms, application-code: 31ms)
 GET / 200 in 28ms (next.js: 5ms, application-code: 23ms)
 GET /content/i18n 200 in 43ms (next.js: 25ms, application-code: 18ms)
 GET /analytics/behavior-heatmap 200 in 23ms (next.js: 7ms, application-code: 16ms)
 GET /analytics/export 200 in 84ms (next.js: 62ms, application-code: 21ms)
 GET /risk/kyc-review 200 in 82ms (next.js: 64ms, application-code: 18ms)
 GET /content/notifications 200 in 23ms (next.js: 7ms, application-code: 16ms)
✓ Compiled in 124ms
 GET /finance-products/staking 200 in 498ms (next.js: 79ms, application-code: 419ms)
 GET /finance-products/staking 200 in 498ms (next.js: 162ms, application-code: 336ms)
 GET /finance-products/staking 200 in 499ms (next.js: 212ms, application-code: 287ms)
 GET /finance-products/staking 200 in 501ms (next.js: 126ms, application-code: 375ms)
 GET /content/notifications 200 in 500ms (next.js: 258ms, application-code: 242ms)
 GET /finance-products/staking 200 in 503ms (next.js: 237ms, application-code: 266ms)
 GET /finance-products/staking 200 in 502ms (next.js: 281ms, application-code: 221ms)
 GET /finance-products/staking 200 in 230ms (next.js: 32ms, application-code: 199ms)
 GET /finance-products/staking 200 in 234ms (next.js: 13ms, application-code: 221ms)
 GET /finance-products/staking 200 in 234ms (next.js: 52ms, application-code: 182ms)
 GET /finance-products/staking 200 in 236ms (next.js: 71ms, application-code: 165ms)
 GET /finance-products/staking 200 in 238ms (next.js: 91ms, application-code: 146ms)
 GET /content/notifications 200 in 241ms (next.js: 111ms, application-code: 130ms)
 GET /finance-products/staking 200 in 114ms (next.js: 14ms, application-code: 100ms)
✓ Compiled in 76ms
 GET /finance-products/staking 200 in 279ms (next.js: 72ms, application-code: 207ms)
 GET /finance-products/staking 200 in 281ms (next.js: 106ms, application-code: 175ms)
 GET /finance-products/staking 200 in 281ms (next.js: 131ms, application-code: 151ms)
 GET /finance-products/staking 200 in 283ms (next.js: 152ms, application-code: 130ms)
 GET /content/notifications 200 in 283ms (next.js: 215ms, application-code: 68ms)
 GET /finance-products/staking 200 in 285ms (next.js: 175ms, application-code: 110ms)
 GET /finance-products/staking 200 in 286ms (next.js: 194ms, application-code: 92ms)
✓ Compiled in 165ms
 GET /finance-products/staking 200 in 339ms (next.js: 101ms, application-code: 237ms)
 GET /finance-products/staking 200 in 341ms (next.js: 139ms, application-code: 202ms)
 GET /finance-products/staking 200 in 342ms (next.js: 162ms, application-code: 180ms)
 GET /finance-products/staking 200 in 344ms (next.js: 184ms, application-code: 159ms)
 GET /content/notifications 200 in 345ms (next.js: 238ms, application-code: 107ms)
 GET /finance-products/staking 200 in 346ms (next.js: 265ms, application-code: 82ms)
 GET /finance-products/staking 200 in 350ms (next.js: 211ms, application-code: 138ms)
✓ Compiled in 64ms
 GET /finance-products/staking 200 in 300ms (next.js: 99ms, application-code: 201ms)
 GET /finance-products/staking 200 in 305ms (next.js: 64ms, application-code: 241ms)
 GET /finance-products/staking 200 in 306ms (next.js: 142ms, application-code: 163ms)
 GET /finance-products/staking 200 in 307ms (next.js: 165ms, application-code: 142ms)
 GET /content/notifications 200 in 306ms (next.js: 220ms, application-code: 86ms)
 GET /finance-products/staking 200 in 336ms (next.js: 194ms, application-code: 143ms)
 GET /finance-products/staking 200 in 339ms (next.js: 124ms, application-code: 215ms)
✓ Compiled in 84ms
 GET /finance-products/staking 200 in 303ms (next.js: 76ms, application-code: 227ms)
 GET /finance-products/staking 200 in 304ms (next.js: 168ms, application-code: 136ms)
 GET /finance-products/staking 200 in 307ms (next.js: 115ms, application-code: 192ms)
 GET /content/notifications 200 in 310ms (next.js: 258ms, application-code: 52ms)
 GET /finance-products/staking 200 in 315ms (next.js: 198ms, application-code: 117ms)
 GET /finance-products/staking 200 in 316ms (next.js: 229ms, application-code: 87ms)
 GET /finance-products/staking 200 in 319ms (next.js: 142ms, application-code: 178ms)
 GET / 200 in 168ms (next.js: 11ms, application-code: 157ms)
 GET /devices/compute-config 200 in 154ms (next.js: 8ms, application-code: 146ms)
 GET /content/notifications 200 in 42ms (next.js: 8ms, application-code: 34ms)
✓ Compiled in 154ms
 GET /finance-products/staking 200 in 430ms (next.js: 68ms, application-code: 361ms)
 GET /finance-products/staking 200 in 432ms (next.js: 101ms, application-code: 331ms)
 GET /finance-products/staking 200 in 431ms (next.js: 161ms, application-code: 270ms)
 GET /finance-products/staking 200 in 432ms (next.js: 137ms, application-code: 295ms)
 GET /finance-products/staking 200 in 433ms (next.js: 121ms, application-code: 312ms)
 GET /finance-products/staking 200 in 432ms (next.js: 198ms, application-code: 235ms)
 GET /content/notifications 200 in 434ms (next.js: 182ms, application-code: 252ms)
 GET /finance-products/staking 200 in 409ms (next.js: 12ms, application-code: 397ms)
 GET /finance-products/staking 200 in 409ms (next.js: 34ms, application-code: 375ms)
 GET /finance-products/staking 200 in 410ms (next.js: 68ms, application-code: 342ms)
 GET /finance-products/staking 200 in 410ms (next.js: 89ms, application-code: 321ms)
 GET /finance-products/staking 200 in 410ms (next.js: 106ms, application-code: 305ms)
 GET /finance-products/staking 200 in 423ms (next.js: 142ms, application-code: 282ms)
 GET /content/notifications 200 in 426ms (next.js: 122ms, application-code: 304ms)
 GET /finance-products/staking 200 in 360ms (next.js: 9ms, application-code: 351ms)
 GET /finance-products/staking 200 in 359ms (next.js: 42ms, application-code: 317ms)
 GET /finance-products/staking 200 in 361ms (next.js: 24ms, application-code: 337ms)
 GET /finance-products/staking 200 in 361ms (next.js: 56ms, application-code: 305ms)
 GET /finance-products/staking 200 in 362ms (next.js: 75ms, application-code: 287ms)
 GET /content/notifications 200 in 369ms (next.js: 13ms, application-code: 356ms)
 GET /content/notifications 200 in 370ms (next.js: 48ms, application-code: 321ms)
 GET /content/notifications 200 in 371ms (next.js: 29ms, application-code: 342ms)
 GET /content/notifications 200 in 371ms (next.js: 63ms, application-code: 308ms)
 GET /finance-products/staking 200 in 372ms (next.js: 83ms, application-code: 289ms)
 GET /content/notifications 200 in 327ms (next.js: 10ms, application-code: 318ms)
 GET /finance-products/staking 200 in 327ms (next.js: 24ms, application-code: 304ms)
 GET /finance-products/staking 200 in 328ms (next.js: 52ms, application-code: 276ms)
 GET /finance-products/staking 200 in 328ms (next.js: 84ms, application-code: 245ms)
 GET /finance-products/staking 200 in 330ms (next.js: 37ms, application-code: 293ms)
 GET /finance-products/staking 200 in 330ms (next.js: 67ms, application-code: 263ms)
 GET /finance-products/staking 200 in 353ms (next.js: 10ms, application-code: 343ms)
 GET /content/notifications 200 in 340ms (next.js: 7ms, application-code: 333ms)
 GET /finance-products/staking 200 in 342ms (next.js: 25ms, application-code: 317ms)
 GET /finance-products/staking 200 in 343ms (next.js: 43ms, application-code: 300ms)
 GET /finance-products/staking 200 in 344ms (next.js: 80ms, application-code: 263ms)
 GET /finance-products/staking 200 in 345ms (next.js: 61ms, application-code: 284ms)
 GET /finance-products/staking 200 in 353ms (next.js: 103ms, application-code: 250ms)
 GET /finance-products/staking 200 in 334ms (next.js: 13ms, application-code: 322ms)
 GET /finance-products/staking 200 in 316ms (next.js: 24ms, application-code: 292ms)
 GET /finance-products/staking 200 in 318ms (next.js: 5ms, application-code: 313ms)
 GET /finance-products/staking 200 in 318ms (next.js: 42ms, application-code: 277ms)
 GET /finance-products/staking 200 in 325ms (next.js: 63ms, application-code: 262ms)
 GET /content/notifications 200 in 326ms (next.js: 80ms, application-code: 246ms)
 GET /finance-products/staking 200 in 327ms (next.js: 98ms, application-code: 229ms)
 GET /finance-products/staking 200 in 321ms (next.js: 6ms, application-code: 314ms)
 GET /finance-products/staking 200 in 362ms (next.js: 13ms, application-code: 348ms)
 GET /finance-products/staking 200 in 362ms (next.js: 32ms, application-code: 331ms)
 GET /finance-products/staking 200 in 363ms (next.js: 50ms, application-code: 313ms)
 GET /finance-products/staking 200 in 359ms (next.js: 81ms, application-code: 277ms)
 GET /finance-products/staking 200 in 361ms (next.js: 63ms, application-code: 299ms)
 GET /finance-products/staking 200 in 358ms (next.js: 7ms, application-code: 351ms)
 GET /finance-products/staking 200 in 345ms (next.js: 14ms, application-code: 331ms)
 GET /finance-products/staking 200 in 343ms (next.js: 32ms, application-code: 312ms)
 GET /finance-products/staking 200 in 343ms (next.js: 47ms, application-code: 295ms)
 GET /finance-products/staking 200 in 338ms (next.js: 64ms, application-code: 274ms)
 GET /finance-products/staking 200 in 339ms (next.js: 88ms, application-code: 250ms)
 GET /finance-products/staking 200 in 226ms (next.js: 15ms, application-code: 211ms)
 GET /finance-products/staking 200 in 171ms (next.js: 28ms, application-code: 143ms)
 GET /finance-products/staking 200 in 175ms (next.js: 9ms, application-code: 166ms)
 GET /finance-products/staking 200 in 175ms (next.js: 46ms, application-code: 129ms)
 GET /finance-products/staking 200 in 176ms (next.js: 63ms, application-code: 112ms)
 GET /finance-products/staking 200 in 177ms (next.js: 82ms, application-code: 95ms)
 GET /finance-products/staking 200 in 71ms (next.js: 3ms, application-code: 68ms)
✓ Compiled in 115ms
 GET /finance-products/staking 200 in 463ms (next.js: 149ms, application-code: 314ms)
 GET /finance-products/staking 200 in 464ms (next.js: 177ms, application-code: 288ms)
 GET /finance-products/staking 200 in 465ms (next.js: 196ms, application-code: 269ms)
 GET /content/notifications 200 in 466ms (next.js: 275ms, application-code: 191ms)
 GET /finance-products/staking 200 in 467ms (next.js: 234ms, application-code: 233ms)
 GET /finance-products/staking 200 in 468ms (next.js: 256ms, application-code: 212ms)
 GET /finance-products/staking 200 in 469ms (next.js: 215ms, application-code: 254ms)
 GET /finance-products/staking 200 in 370ms (next.js: 4ms, application-code: 366ms)
 GET /finance-products/staking 200 in 371ms (next.js: 20ms, application-code: 350ms)
 GET /finance-products/staking 200 in 371ms (next.js: 54ms, application-code: 318ms)
 GET /finance-products/staking 200 in 373ms (next.js: 37ms, application-code: 335ms)
 GET /finance-products/staking 200 in 373ms (next.js: 88ms, application-code: 286ms)
 GET /finance-products/staking 200 in 374ms (next.js: 69ms, application-code: 305ms)
 GET /content/notifications 200 in 398ms (next.js: 107ms, application-code: 291ms)
 GET /finance-products/staking 200 in 392ms (next.js: 6ms, application-code: 386ms)
 GET /finance-products/staking 200 in 393ms (next.js: 21ms, application-code: 372ms)
 GET /finance-products/staking 200 in 395ms (next.js: 72ms, application-code: 323ms)
 GET /finance-products/staking 200 in 397ms (next.js: 43ms, application-code: 354ms)
 GET /finance-products/staking 200 in 397ms (next.js: 57ms, application-code: 341ms)
 GET /content/notifications 200 in 400ms (next.js: 118ms, application-code: 283ms)
 GET /finance-products/staking 200 in 402ms (next.js: 89ms, application-code: 313ms)
 GET /content/notifications 200 in 317ms (next.js: 62ms, application-code: 255ms)
 GET /content/notifications 200 in 317ms (next.js: 96ms, application-code: 221ms)
 GET /content/notifications 200 in 432ms (next.js: 79ms, application-code: 352ms)
 GET /content/notifications 200 in 341ms (next.js: 15ms, application-code: 326ms)
 GET /finance-products/staking 200 in 339ms (next.js: 26ms, application-code: 313ms)
 GET /finance-products/staking 200 in 340ms (next.js: 43ms, application-code: 296ms)
 GET /finance-products/staking 200 in 340ms (next.js: 80ms, application-code: 260ms)
 GET /finance-products/staking 200 in 341ms (next.js: 98ms, application-code: 243ms)
 GET /finance-products/staking 200 in 342ms (next.js: 61ms, application-code: 281ms)
 GET /finance-products/staking 200 in 348ms (next.js: 11ms, application-code: 337ms)
 GET /content/notifications 200 in 334ms (next.js: 11ms, application-code: 323ms)
 GET /finance-products/staking 200 in 335ms (next.js: 29ms, application-code: 305ms)
 GET /finance-products/staking 200 in 335ms (next.js: 47ms, application-code: 288ms)
 GET /finance-products/staking 200 in 336ms (next.js: 64ms, application-code: 272ms)
 GET /finance-products/staking 200 in 336ms (next.js: 98ms, application-code: 238ms)
 GET /finance-products/staking 200 in 337ms (next.js: 81ms, application-code: 256ms)
 GET /finance-products/staking 200 in 312ms (next.js: 10ms, application-code: 302ms)
 GET /content/notifications 200 in 304ms (next.js: 13ms, application-code: 292ms)
 GET /finance-products/staking 200 in 304ms (next.js: 66ms, application-code: 238ms)
 GET /finance-products/staking 200 in 306ms (next.js: 30ms, application-code: 275ms)
 GET /finance-products/staking 200 in 306ms (next.js: 48ms, application-code: 258ms)
 GET /finance-products/staking 200 in 309ms (next.js: 83ms, application-code: 225ms)
 GET /finance-products/staking 200 in 310ms (next.js: 101ms, application-code: 208ms)
 GET /finance-products/staking 200 in 295ms (next.js: 7ms, application-code: 288ms)
 GET /finance-products/staking 200 in 293ms (next.js: 5ms, application-code: 288ms)
 GET /finance-products/staking 200 in 293ms (next.js: 55ms, application-code: 239ms)
 GET /finance-products/staking 200 in 294ms (next.js: 40ms, application-code: 254ms)
 GET /finance-products/staking 200 in 295ms (next.js: 79ms, application-code: 216ms)
 GET /finance-products/staking 200 in 297ms (next.js: 23ms, application-code: 274ms)
 GET /finance-products/staking 200 in 302ms (next.js: 8ms, application-code: 294ms)
 GET /finance-products/staking 200 in 270ms (next.js: 49ms, application-code: 221ms)
 GET /finance-products/staking 200 in 272ms (next.js: 29ms, application-code: 243ms)
 GET /finance-products/staking 200 in 273ms (next.js: 66ms, application-code: 207ms)
 GET /finance-products/staking 200 in 274ms (next.js: 6ms, application-code: 269ms)
 GET /finance-products/staking 200 in 296ms (next.js: 86ms, application-code: 209ms)
 GET /finance-products/staking 200 in 195ms (next.js: 13ms, application-code: 182ms)
 GET /finance-products/staking 200 in 179ms (next.js: 9ms, application-code: 170ms)
 GET /finance-products/staking 200 in 180ms (next.js: 46ms, application-code: 134ms)
 GET /finance-products/staking 200 in 181ms (next.js: 64ms, application-code: 117ms)
 GET /finance-products/staking 200 in 183ms (next.js: 27ms, application-code: 156ms)
 GET /finance-products/staking 200 in 181ms (next.js: 80ms, application-code: 101ms)
 GET /finance-products/staking 200 in 75ms (next.js: 9ms, application-code: 66ms)
✓ Compiled in 82ms
 GET /finance-products/staking 200 in 479ms (next.js: 69ms, application-code: 410ms)
 GET /finance-products/staking 200 in 480ms (next.js: 96ms, application-code: 383ms)
 GET /finance-products/staking 200 in 479ms (next.js: 157ms, application-code: 322ms)
 GET /finance-products/staking 200 in 481ms (next.js: 113ms, application-code: 368ms)
 GET /finance-products/staking 200 in 482ms (next.js: 140ms, application-code: 342ms)
 GET /finance-products/staking 200 in 486ms (next.js: 180ms, application-code: 305ms)
 GET /content/notifications 200 in 414ms (next.js: 27ms, application-code: 388ms)
 GET /finance-products/staking 200 in 474ms (next.js: 65ms, application-code: 409ms)
 GET /finance-products/staking 200 in 473ms (next.js: 127ms, application-code: 346ms)
 GET /finance-products/staking 200 in 475ms (next.js: 104ms, application-code: 370ms)
 GET /finance-products/staking 200 in 477ms (next.js: 85ms, application-code: 393ms)
 GET /finance-products/staking 200 in 477ms (next.js: 146ms, application-code: 332ms)
 GET /finance-products/staking 200 in 422ms (next.js: 107ms, application-code: 314ms)
 GET /content/notifications 200 in 433ms (next.js: 9ms, application-code: 423ms)
 GET /finance-products/staking 200 in 401ms (next.js: 15ms, application-code: 386ms)
 GET /finance-products/staking 200 in 401ms (next.js: 52ms, application-code: 350ms)
 GET /finance-products/staking 200 in 402ms (next.js: 69ms, application-code: 333ms)
 GET /finance-products/staking 200 in 403ms (next.js: 88ms, application-code: 315ms)
 GET /finance-products/staking 200 in 405ms (next.js: 34ms, application-code: 371ms)
 GET /finance-products/staking 200 in 402ms (next.js: 106ms, application-code: 296ms)
 GET /content/notifications 200 in 406ms (next.js: 10ms, application-code: 396ms)
 GET /content/notifications 200 in 407ms (next.js: 68ms, application-code: 338ms)
 GET /content/notifications 200 in 408ms (next.js: 28ms, application-code: 380ms)
 GET /content/notifications 200 in 409ms (next.js: 47ms, application-code: 361ms)
 GET /finance-products/staking 200 in 330ms (next.js: 24ms, application-code: 306ms)
 GET /finance-products/staking 200 in 332ms (next.js: 7ms, application-code: 325ms)
 GET /finance-products/staking 200 in 332ms (next.js: 60ms, application-code: 272ms)
 GET /finance-products/staking 200 in 333ms (next.js: 79ms, application-code: 254ms)
 GET /finance-products/staking 200 in 334ms (next.js: 41ms, application-code: 293ms)
 GET /content/notifications 200 in 334ms (next.js: 99ms, application-code: 235ms)
 GET /finance-products/staking 200 in 334ms (next.js: 117ms, application-code: 217ms)
 GET /finance-products/staking 200 in 309ms (next.js: 29ms, application-code: 280ms)
 GET /finance-products/staking 200 in 309ms (next.js: 60ms, application-code: 249ms)
 GET /finance-products/staking 200 in 311ms (next.js: 11ms, application-code: 300ms)
 GET /finance-products/staking 200 in 310ms (next.js: 77ms, application-code: 234ms)
 GET /finance-products/staking 200 in 312ms (next.js: 44ms, application-code: 268ms)
 GET /finance-products/staking 200 in 313ms (next.js: 97ms, application-code: 217ms)
 GET /content/notifications 200 in 312ms (next.js: 45ms, application-code: 267ms)
 GET /finance-products/staking 200 in 280ms (next.js: 21ms, application-code: 258ms)
 GET /finance-products/staking 200 in 281ms (next.js: 6ms, application-code: 275ms)
 GET /finance-products/staking 200 in 282ms (next.js: 55ms, application-code: 227ms)
 GET /finance-products/staking 200 in 283ms (next.js: 40ms, application-code: 243ms)
 GET /finance-products/staking 200 in 283ms (next.js: 70ms, application-code: 213ms)
 GET /finance-products/staking 200 in 277ms (next.js: 8ms, application-code: 269ms)
 GET /content/notifications 200 in 277ms (next.js: 22ms, application-code: 255ms)
 GET /finance-products/staking 200 in 271ms (next.js: 7ms, application-code: 264ms)
 GET /finance-products/staking 200 in 271ms (next.js: 24ms, application-code: 248ms)
 GET /finance-products/staking 200 in 271ms (next.js: 39ms, application-code: 232ms)
 GET /finance-products/staking 200 in 272ms (next.js: 56ms, application-code: 216ms)
 GET /finance-products/staking 200 in 272ms (next.js: 74ms, application-code: 198ms)
 GET /finance-products/staking 200 in 255ms (next.js: 18ms, application-code: 237ms)
 GET /finance-products/staking 200 in 252ms (next.js: 13ms, application-code: 240ms)
 GET /finance-products/staking 200 in 253ms (next.js: 30ms, application-code: 223ms)
 GET /finance-products/staking 200 in 253ms (next.js: 61ms, application-code: 192ms)
 GET /finance-products/staking 200 in 254ms (next.js: 45ms, application-code: 210ms)
 GET /finance-products/staking 200 in 254ms (next.js: 79ms, application-code: 175ms)
 GET /finance-products/staking 200 in 163ms (next.js: 6ms, application-code: 157ms)
 GET /finance-products/staking 200 in 133ms (next.js: 4ms, application-code: 129ms)
 GET /finance-products/staking 200 in 134ms (next.js: 20ms, application-code: 114ms)
 GET /finance-products/staking 200 in 146ms (next.js: 52ms, application-code: 94ms)
 GET /finance-products/staking 200 in 149ms (next.js: 37ms, application-code: 112ms)
 GET /finance-products/staking 200 in 83ms (next.js: 9ms, application-code: 74ms)
 GET /finance-products/staking 200 in 61ms (next.js: 11ms, application-code: 50ms)
✓ Compiled in 99ms
 GET /finance-products/staking 200 in 322ms (next.js: 68ms, application-code: 254ms)
 GET /finance-products/staking 200 in 324ms (next.js: 106ms, application-code: 219ms)
 GET /finance-products/staking 200 in 325ms (next.js: 129ms, application-code: 196ms)
 GET /finance-products/staking 200 in 326ms (next.js: 167ms, application-code: 159ms)
 GET /finance-products/staking 200 in 330ms (next.js: 186ms, application-code: 144ms)
 GET /finance-products/staking 200 in 332ms (next.js: 151ms, application-code: 181ms)
 GET /content/notifications 200 in 127ms (next.js: 17ms, application-code: 111ms)
✓ Compiled in 302ms
 GET /finance-products/staking 200 in 445ms (next.js: 69ms, application-code: 376ms)
 GET /finance-products/staking 200 in 447ms (next.js: 103ms, application-code: 344ms)
 GET /finance-products/staking 200 in 446ms (next.js: 142ms, application-code: 304ms)
 GET /finance-products/staking 200 in 447ms (next.js: 122ms, application-code: 325ms)
 GET /finance-products/staking 200 in 446ms (next.js: 179ms, application-code: 268ms)
 GET /finance-products/staking 200 in 448ms (next.js: 161ms, application-code: 286ms)
 GET /content/notifications 200 in 448ms (next.js: 196ms, application-code: 252ms)
 GET /finance-products/staking 200 in 451ms (next.js: 10ms, application-code: 441ms)
 GET /finance-products/staking 200 in 450ms (next.js: 34ms, application-code: 417ms)
 GET /finance-products/staking 200 in 450ms (next.js: 106ms, application-code: 344ms)
 GET /finance-products/staking 200 in 452ms (next.js: 71ms, application-code: 381ms)
 GET /finance-products/staking 200 in 452ms (next.js: 124ms, application-code: 328ms)
 GET /finance-products/staking 200 in 454ms (next.js: 89ms, application-code: 365ms)
 GET /content/notifications 200 in 473ms (next.js: 148ms, application-code: 325ms)
 GET /finance-products/staking 200 in 411ms (next.js: 36ms, application-code: 375ms)
 GET /finance-products/staking 200 in 413ms (next.js: 17ms, application-code: 396ms)
 GET /finance-products/staking 200 in 413ms (next.js: 55ms, application-code: 358ms)
 GET /finance-products/staking 200 in 413ms (next.js: 119ms, application-code: 294ms)
 GET /finance-products/staking 200 in 414ms (next.js: 98ms, application-code: 315ms)
 GET /finance-products/staking 200 in 415ms (next.js: 76ms, application-code: 339ms)
 GET /content/notifications 200 in 415ms (next.js: 138ms, application-code: 277ms)
 GET /content/notifications 200 in 413ms (next.js: 173ms, application-code: 240ms)
 GET /content/notifications 200 in 415ms (next.js: 155ms, application-code: 260ms)
 GET /content/notifications 200 in 428ms (next.js: 78ms, application-code: 350ms)
 GET /content/notifications 200 in 340ms (next.js: 15ms, application-code: 325ms)
 GET /finance-products/staking 200 in 333ms (next.js: 26ms, application-code: 307ms)
 GET /finance-products/staking 200 in 334ms (next.js: 61ms, application-code: 273ms)
 GET /finance-products/staking 200 in 334ms (next.js: 113ms, application-code: 221ms)
 GET /finance-products/staking 200 in 337ms (next.js: 43ms, application-code: 294ms)
 GET /finance-products/staking 200 in 339ms (next.js: 77ms, application-code: 262ms)
 GET /finance-products/staking 200 in 340ms (next.js: 95ms, application-code: 245ms)
 GET /content/notifications 200 in 352ms (next.js: 15ms, application-code: 337ms)
 GET /finance-products/staking 200 in 352ms (next.js: 32ms, application-code: 321ms)
 GET /finance-products/staking 200 in 353ms (next.js: 48ms, application-code: 305ms)
 GET /finance-products/staking 200 in 354ms (next.js: 65ms, application-code: 289ms)
 GET /finance-products/staking 200 in 356ms (next.js: 84ms, application-code: 272ms)
 GET /finance-products/staking 200 in 357ms (next.js: 104ms, application-code: 252ms)
 GET /finance-products/staking 200 in 360ms (next.js: 125ms, application-code: 235ms)
 GET /content/notifications 200 in 334ms (next.js: 6ms, application-code: 329ms)
 GET /content/notifications 200 in 335ms (next.js: 23ms, application-code: 312ms)
 GET /finance-products/staking 200 in 336ms (next.js: 43ms, application-code: 293ms)
 GET /finance-products/staking 200 in 336ms (next.js: 79ms, application-code: 258ms)
 GET /finance-products/staking 200 in 338ms (next.js: 60ms, application-code: 278ms)
 GET /finance-products/staking 200 in 338ms (next.js: 99ms, application-code: 239ms)
 GET /finance-products/staking 200 in 342ms (next.js: 117ms, application-code: 225ms)
 GET /finance-products/staking 200 in 322ms (next.js: 34ms, application-code: 288ms)
 GET /finance-products/staking 200 in 342ms (next.js: 31ms, application-code: 311ms)
 GET /finance-products/staking 200 in 344ms (next.js: 8ms, application-code: 336ms)
 GET /finance-products/staking 200 in 386ms (next.js: 51ms, application-code: 335ms)
 GET /finance-products/staking 200 in 386ms (next.js: 67ms, application-code: 320ms)
 GET /finance-products/staking 200 in 387ms (next.js: 49ms, application-code: 338ms)
 GET /finance-products/staking 200 in 399ms (next.js: 31ms, application-code: 367ms)
 GET /finance-products/staking 200 in 396ms (next.js: 12ms, application-code: 384ms)
 GET /finance-products/staking 200 in 399ms (next.js: 30ms, application-code: 369ms)
 GET /finance-products/staking 200 in 401ms (next.js: 47ms, application-code: 353ms)
 GET /finance-products/staking 200 in 401ms (next.js: 68ms, application-code: 333ms)
 GET /finance-products/staking 200 in 409ms (next.js: 54ms, application-code: 354ms)
 GET /finance-products/staking 200 in 410ms (next.js: 13ms, application-code: 397ms)
 GET /finance-products/staking 200 in 385ms (next.js: 50ms, application-code: 335ms)
 GET /finance-products/staking 200 in 385ms (next.js: 69ms, application-code: 316ms)
 GET /finance-products/staking 200 in 348ms (next.js: 53ms, application-code: 295ms)
 GET /finance-products/staking 200 in 348ms (next.js: 71ms, application-code: 278ms)
 GET /finance-products/staking 200 in 304ms (next.js: 52ms, application-code: 253ms)
 GET /finance-products/staking 200 in 244ms (next.js: 9ms, application-code: 236ms)
 GET /finance-products/staking 200 in 225ms (next.js: 38ms, application-code: 187ms)
 GET /finance-products/staking 200 in 229ms (next.js: 20ms, application-code: 208ms)
 GET /finance-products/staking 200 in 229ms (next.js: 84ms, application-code: 145ms)
 GET /finance-products/staking 200 in 232ms (next.js: 57ms, application-code: 175ms)
 GET /finance-products/staking 200 in 184ms (next.js: 64ms, application-code: 119ms)
 GET /finance-products/staking 200 in 101ms (next.js: 5ms, application-code: 95ms)
✓ Compiled in 70ms
 GET /finance-products/staking 200 in 445ms (next.js: 68ms, application-code: 377ms)
 GET /finance-products/staking 200 in 445ms (next.js: 106ms, application-code: 340ms)
 GET /finance-products/staking 200 in 447ms (next.js: 144ms, application-code: 303ms)
 GET /finance-products/staking 200 in 449ms (next.js: 126ms, application-code: 323ms)
 GET /finance-products/staking 200 in 450ms (next.js: 163ms, application-code: 287ms)
 GET /finance-products/staking 200 in 271ms (next.js: 9ms, application-code: 262ms)
 GET /content/notifications 200 in 272ms (next.js: 36ms, application-code: 236ms)
 GET /finance-products/staking 200 in 391ms (next.js: 7ms, application-code: 384ms)
 GET /finance-products/staking 200 in 391ms (next.js: 25ms, application-code: 366ms)
 GET /finance-products/staking 200 in 392ms (next.js: 41ms, application-code: 350ms)
 GET /finance-products/staking 200 in 392ms (next.js: 58ms, application-code: 334ms)
 GET /finance-products/staking 200 in 324ms (next.js: 8ms, application-code: 316ms)
 GET /finance-products/staking 200 in 389ms (next.js: 5ms, application-code: 384ms)
 GET /content/notifications 200 in 397ms (next.js: 26ms, application-code: 371ms)
 GET /finance-products/staking 200 in 418ms (next.js: 45ms, application-code: 373ms)
 GET /finance-products/staking 200 in 419ms (next.js: 28ms, application-code: 391ms)
 GET /finance-products/staking 200 in 421ms (next.js: 12ms, application-code: 409ms)
 GET /finance-products/staking 200 in 421ms (next.js: 65ms, application-code: 356ms)
 GET /finance-products/staking 200 in 426ms (next.js: 15ms, application-code: 411ms)
 GET /content/notifications 200 in 428ms (next.js: 61ms, application-code: 367ms)
 GET /content/notifications 200 in 430ms (next.js: 45ms, application-code: 385ms)
 GET /finance-products/staking 200 in 431ms (next.js: 29ms, application-code: 402ms)
 GET /content/notifications 200 in 431ms (next.js: 78ms, application-code: 354ms)
 GET /content/notifications 200 in 538ms (next.js: 74ms, application-code: 464ms)
 GET /content/notifications 200 in 464ms (next.js: 10ms, application-code: 454ms)
 GET /finance-products/staking 200 in 465ms (next.js: 27ms, application-code: 438ms)
 GET /finance-products/staking 200 in 465ms (next.js: 44ms, application-code: 420ms)
 GET /finance-products/staking 200 in 467ms (next.js: 79ms, application-code: 388ms)
 GET /finance-products/staking 200 in 469ms (next.js: 61ms, application-code: 407ms)
 GET /finance-products/staking 200 in 456ms (next.js: 10ms, application-code: 446ms)
 GET /finance-products/staking 200 in 454ms (next.js: 44ms, application-code: 410ms)
 GET /finance-products/staking 200 in 442ms (next.js: 8ms, application-code: 434ms)
 GET /finance-products/staking 200 in 443ms (next.js: 44ms, application-code: 399ms)
 GET /finance-products/staking 200 in 444ms (next.js: 26ms, application-code: 418ms)
 GET /finance-products/staking 200 in 445ms (next.js: 64ms, application-code: 381ms)
 GET /finance-products/staking 200 in 447ms (next.js: 117ms, application-code: 330ms)
 GET /content/notifications 200 in 457ms (next.js: 104ms, application-code: 352ms)
 GET /finance-products/staking 200 in 319ms (next.js: 10ms, application-code: 308ms)
 GET /finance-products/staking 200 in 334ms (next.js: 9ms, application-code: 325ms)
 GET /finance-products/staking 200 in 335ms (next.js: 31ms, application-code: 304ms)
 GET /finance-products/staking 200 in 335ms (next.js: 50ms, application-code: 285ms)
 GET /finance-products/staking 200 in 336ms (next.js: 67ms, application-code: 269ms)
 GET /finance-products/staking 200 in 342ms (next.js: 12ms, application-code: 330ms)
 GET /finance-products/staking 200 in 316ms (next.js: 9ms, application-code: 307ms)
 GET /finance-products/staking 200 in 328ms (next.js: 9ms, application-code: 318ms)
 GET /finance-products/staking 200 in 328ms (next.js: 51ms, application-code: 277ms)
 GET /finance-products/staking 200 in 329ms (next.js: 69ms, application-code: 260ms)
 GET /finance-products/staking 200 in 331ms (next.js: 32ms, application-code: 298ms)
 GET /finance-products/staking 200 in 244ms (next.js: 6ms, application-code: 238ms)
 GET /finance-products/staking 200 in 220ms (next.js: 7ms, application-code: 213ms)
 GET /finance-products/staking 200 in 201ms (next.js: 13ms, application-code: 188ms)
 GET /finance-products/staking 200 in 203ms (next.js: 51ms, application-code: 152ms)
 GET /finance-products/staking 200 in 208ms (next.js: 32ms, application-code: 176ms)
 GET /finance-products/staking 200 in 209ms (next.js: 68ms, application-code: 141ms)
 GET /finance-products/staking 200 in 118ms (next.js: 7ms, application-code: 111ms)
 GET /finance-products/staking 200 in 92ms (next.js: 5ms, application-code: 87ms)
 GET /finance-products/staking 200 in 399ms (next.js: 96ms, application-code: 302ms)
 GET /finance-products/staking 200 in 400ms (next.js: 116ms, application-code: 284ms)
 GET /finance-products/staking 200 in 400ms (next.js: 156ms, application-code: 244ms)
 GET /finance-products/staking 200 in 401ms (next.js: 137ms, application-code: 265ms)
 GET /finance-products/staking 200 in 403ms (next.js: 62ms, application-code: 341ms)
 GET /finance-products/staking 200 in 403ms (next.js: 176ms, application-code: 227ms)
 GET /content/notifications 200 in 403ms (next.js: 199ms, application-code: 204ms)
 GET /finance-products/staking 200 in 403ms (next.js: 5ms, application-code: 397ms)
 GET /finance-products/staking 200 in 404ms (next.js: 23ms, application-code: 380ms)
 GET /finance-products/staking 200 in 404ms (next.js: 65ms, application-code: 339ms)
 GET /finance-products/staking 200 in 406ms (next.js: 43ms, application-code: 363ms)
 GET /finance-products/staking 200 in 406ms (next.js: 108ms, application-code: 298ms)
 GET /finance-products/staking 200 in 407ms (next.js: 89ms, application-code: 318ms)
 GET /content/notifications 200 in 378ms (next.js: 10ms, application-code: 368ms)
 GET /finance-products/staking 200 in 419ms (next.js: 11ms, application-code: 409ms)
 GET /finance-products/staking 200 in 420ms (next.js: 30ms, application-code: 389ms)
 GET /finance-products/staking 200 in 422ms (next.js: 45ms, application-code: 377ms)
 GET /finance-products/staking 200 in 420ms (next.js: 58ms, application-code: 362ms)
 GET /finance-products/staking 200 in 420ms (next.js: 77ms, application-code: 343ms)
 GET /finance-products/staking 200 in 420ms (next.js: 96ms, application-code: 325ms)
 GET /content/notifications 200 in 422ms (next.js: 106ms, application-code: 315ms)
 GET /content/notifications 200 in 422ms (next.js: 120ms, application-code: 302ms)
 GET /content/notifications 200 in 424ms (next.js: 89ms, application-code: 335ms)
 GET /content/notifications 200 in 449ms (next.js: 65ms, application-code: 383ms)
 GET /content/notifications 200 in 361ms (next.js: 18ms, application-code: 343ms)
 GET /finance-products/staking 200 in 352ms (next.js: 70ms, application-code: 282ms)
 GET /finance-products/staking 200 in 356ms (next.js: 55ms, application-code: 301ms)
 GET /finance-products/staking 200 in 312ms (next.js: 45ms, application-code: 267ms)
 GET /finance-products/staking 200 in 312ms (next.js: 62ms, application-code: 250ms)
 GET /finance-products/staking 200 in 311ms (next.js: 77ms, application-code: 235ms)
 GET /finance-products/staking 200 in 311ms (next.js: 94ms, application-code: 217ms)
 GET /finance-products/staking 200 in 423ms (next.js: 26ms, application-code: 396ms)
 GET /finance-products/staking 200 in 425ms (next.js: 9ms, application-code: 416ms)
 GET /content/notifications 200 in 427ms (next.js: 50ms, application-code: 377ms)
 GET /finance-products/staking 200 in 423ms (next.js: 62ms, application-code: 361ms)
 GET /finance-products/staking 200 in 388ms (next.js: 64ms, application-code: 324ms)
 GET /finance-products/staking 200 in 390ms (next.js: 45ms, application-code: 345ms)
 GET /finance-products/staking 200 in 390ms (next.js: 85ms, application-code: 305ms)
 GET /finance-products/staking 200 in 407ms (next.js: 16ms, application-code: 391ms)
 GET /finance-products/staking 200 in 408ms (next.js: 34ms, application-code: 374ms)
 GET /content/notifications 200 in 408ms (next.js: 51ms, application-code: 357ms)
 GET /content/notifications 200 in 409ms (next.js: 70ms, application-code: 340ms)
 GET /finance-products/staking 200 in 408ms (next.js: 129ms, application-code: 279ms)
 GET /content/notifications 200 in 413ms (next.js: 97ms, application-code: 317ms)
 GET /finance-products/staking 200 in 410ms (next.js: 112ms, application-code: 299ms)
 GET /finance-products/staking 200 in 410ms (next.js: 147ms, application-code: 263ms)
 GET /finance-products/staking 200 in 386ms (next.js: 92ms, application-code: 294ms)
 GET /content/notifications 200 in 359ms (next.js: 28ms, application-code: 331ms)
 GET /content/notifications 200 in 340ms (next.js: 10ms, application-code: 331ms)
 GET /finance-products/staking 200 in 317ms (next.js: 29ms, application-code: 287ms)
 GET /finance-products/staking 200 in 319ms (next.js: 12ms, application-code: 306ms)
 GET /finance-products/staking 200 in 352ms (next.js: 41ms, application-code: 311ms)
 GET /finance-products/staking 200 in 352ms (next.js: 71ms, application-code: 281ms)
 GET /finance-products/staking 200 in 353ms (next.js: 56ms, application-code: 297ms)
 GET /finance-products/staking 200 in 369ms (next.js: 55ms, application-code: 314ms)
 GET /content/notifications 200 in 399ms (next.js: 20ms, application-code: 379ms)
 GET /finance-products/staking 200 in 393ms (next.js: 30ms, application-code: 363ms)
 GET /finance-products/staking 200 in 393ms (next.js: 45ms, application-code: 348ms)
 GET /finance-products/staking 200 in 393ms (next.js: 62ms, application-code: 331ms)
 GET /finance-products/staking 200 in 394ms (next.js: 78ms, application-code: 315ms)
 GET /finance-products/staking 200 in 394ms (next.js: 94ms, application-code: 300ms)
 GET /finance-products/staking 200 in 376ms (next.js: 9ms, application-code: 366ms)
 GET /content/notifications 200 in 371ms (next.js: 15ms, application-code: 357ms)
 GET /content/notifications 200 in 372ms (next.js: 32ms, application-code: 340ms)
 GET /content/notifications 200 in 387ms (next.js: 48ms, application-code: 339ms)
 GET /finance-products/staking 200 in 385ms (next.js: 61ms, application-code: 324ms)
 GET /finance-products/staking 200 in 386ms (next.js: 78ms, application-code: 308ms)
 GET /finance-products/staking 200 in 348ms (next.js: 59ms, application-code: 289ms)
 GET /content/notifications 200 in 347ms (next.js: 115ms, application-code: 232ms)
 GET /finance-products/staking 200 in 348ms (next.js: 90ms, application-code: 259ms)
 GET /finance-products/staking 200 in 350ms (next.js: 75ms, application-code: 274ms)
 GET /finance-products/staking 200 in 318ms (next.js: 10ms, application-code: 309ms)
 GET /content/notifications 200 in 319ms (next.js: 6ms, application-code: 313ms)
 GET /finance-products/staking 200 in 329ms (next.js: 22ms, application-code: 307ms)
 GET /finance-products/staking 200 in 331ms (next.js: 9ms, application-code: 322ms)
 GET /finance-products/staking 200 in 349ms (next.js: 57ms, application-code: 292ms)
 GET /finance-products/staking 200 in 351ms (next.js: 39ms, application-code: 311ms)
 GET /finance-products/staking 200 in 351ms (next.js: 71ms, application-code: 280ms)
 GET /finance-products/staking 200 in 378ms (next.js: 10ms, application-code: 368ms)
 GET /content/notifications 200 in 396ms (next.js: 8ms, application-code: 388ms)
 GET /finance-products/staking 200 in 378ms (next.js: 19ms, application-code: 360ms)
 GET /finance-products/staking 200 in 379ms (next.js: 35ms, application-code: 345ms)
 GET /finance-products/staking 200 in 377ms (next.js: 64ms, application-code: 313ms)
 GET /finance-products/staking 200 in 379ms (next.js: 49ms, application-code: 330ms)
 GET /finance-products/staking 200 in 379ms (next.js: 80ms, application-code: 299ms)
 GET /finance-products/staking 200 in 373ms (next.js: 10ms, application-code: 364ms)
 GET /content/notifications 200 in 372ms (next.js: 7ms, application-code: 364ms)
 GET /content/notifications 200 in 373ms (next.js: 22ms, application-code: 351ms)
 GET /content/notifications 200 in 377ms (next.js: 28ms, application-code: 348ms)
 GET /content/notifications 200 in 360ms (next.js: 30ms, application-code: 330ms)
 GET /finance-products/staking 200 in 361ms (next.js: 45ms, application-code: 316ms)
 GET /finance-products/staking 200 in 361ms (next.js: 61ms, application-code: 301ms)
 GET /finance-products/staking 200 in 339ms (next.js: 55ms, application-code: 284ms)
 GET /finance-products/staking 200 in 340ms (next.js: 95ms, application-code: 244ms)
 GET /finance-products/staking 200 in 341ms (next.js: 74ms, application-code: 266ms)
 GET /finance-products/staking 200 in 329ms (next.js: 13ms, application-code: 316ms)
 GET /content/notifications 200 in 332ms (next.js: 28ms, application-code: 304ms)
 GET /finance-products/staking 200 in 450ms (next.js: 8ms, application-code: 442ms)
 GET /finance-products/staking 200 in 451ms (next.js: 23ms, application-code: 428ms)
 GET /finance-products/staking 200 in 469ms (next.js: 44ms, application-code: 425ms)
 GET /finance-products/staking 200 in 470ms (next.js: 59ms, application-code: 411ms)
 GET /finance-products/staking 200 in 471ms (next.js: 76ms, application-code: 394ms)
 GET /finance-products/staking 200 in 483ms (next.js: 7ms, application-code: 476ms)
 GET /content/notifications 200 in 506ms (next.js: 9ms, application-code: 497ms)
 GET /finance-products/staking 200 in 484ms (next.js: 13ms, application-code: 471ms)
 GET /finance-products/staking 200 in 484ms (next.js: 30ms, application-code: 454ms)
 GET /finance-products/staking 200 in 482ms (next.js: 59ms, application-code: 424ms)
 GET /finance-products/staking 200 in 483ms (next.js: 75ms, application-code: 408ms)
 GET /finance-products/staking 200 in 485ms (next.js: 43ms, application-code: 442ms)
 GET /finance-products/staking 200 in 479ms (next.js: 13ms, application-code: 465ms)
 GET /content/notifications 200 in 476ms (next.js: 33ms, application-code: 443ms)
 GET /content/notifications 200 in 450ms (next.js: 69ms, application-code: 382ms)
 GET /content/notifications 200 in 407ms (next.js: 36ms, application-code: 371ms)
 GET /content/notifications 200 in 387ms (next.js: 32ms, application-code: 354ms)
 GET /finance-products/staking 200 in 365ms (next.js: 48ms, application-code: 317ms)
 GET /finance-products/staking 200 in 366ms (next.js: 29ms, application-code: 337ms)
 GET /finance-products/staking 200 in 346ms (next.js: 44ms, application-code: 301ms)
 GET /finance-products/staking 200 in 344ms (next.js: 82ms, application-code: 262ms)
 GET /finance-products/staking 200 in 346ms (next.js: 61ms, application-code: 285ms)
 GET /content/notifications 200 in 293ms (next.js: 6ms, application-code: 287ms)
 GET /finance-products/staking 200 in 354ms (next.js: 26ms, application-code: 328ms)
 GET /finance-products/staking 200 in 417ms (next.js: 10ms, application-code: 408ms)
 GET /finance-products/staking 200 in 419ms (next.js: 26ms, application-code: 393ms)
 GET /finance-products/staking 200 in 419ms (next.js: 41ms, application-code: 378ms)
 GET /finance-products/staking 200 in 419ms (next.js: 59ms, application-code: 360ms)
 GET /finance-products/staking 200 in 420ms (next.js: 79ms, application-code: 341ms)
 GET /finance-products/staking 200 in 427ms (next.js: 7ms, application-code: 420ms)
 GET /content/notifications 200 in 431ms (next.js: 28ms, application-code: 404ms)
 GET /finance-products/staking 200 in 406ms (next.js: 16ms, application-code: 390ms)
 GET /finance-products/staking 200 in 407ms (next.js: 35ms, application-code: 372ms)
 GET /finance-products/staking 200 in 408ms (next.js: 74ms, application-code: 334ms)
 GET /finance-products/staking 200 in 409ms (next.js: 91ms, application-code: 317ms)
 GET /finance-products/staking 200 in 410ms (next.js: 56ms, application-code: 355ms)
 GET /content/notifications 200 in 399ms (next.js: 74ms, application-code: 325ms)
 GET /finance-products/staking 200 in 401ms (next.js: 32ms, application-code: 368ms)
 GET /content/notifications 200 in 407ms (next.js: 26ms, application-code: 381ms)
 GET /content/notifications 200 in 406ms (next.js: 26ms, application-code: 380ms)
 GET /content/notifications 200 in 391ms (next.js: 26ms, application-code: 366ms)
 GET /finance-products/staking 200 in 343ms (next.js: 10ms, application-code: 333ms)
 GET /finance-products/staking 200 in 343ms (next.js: 27ms, application-code: 317ms)
 GET /content/notifications 200 in 344ms (next.js: 44ms, application-code: 299ms)
 GET /finance-products/staking 200 in 343ms (next.js: 94ms, application-code: 249ms)
 GET /finance-products/staking 200 in 345ms (next.js: 61ms, application-code: 284ms)
 GET /finance-products/staking 200 in 345ms (next.js: 79ms, application-code: 267ms)
 GET /finance-products/staking 200 in 348ms (next.js: 11ms, application-code: 337ms)
 GET /finance-products/staking 200 in 410ms (next.js: 12ms, application-code: 398ms)
 GET /finance-products/staking 200 in 411ms (next.js: 28ms, application-code: 383ms)
 GET /finance-products/staking 200 in 411ms (next.js: 83ms, application-code: 328ms)
 GET /finance-products/staking 200 in 412ms (next.js: 66ms, application-code: 347ms)
 GET /finance-products/staking 200 in 414ms (next.js: 45ms, application-code: 369ms)
 GET /content/notifications 200 in 379ms (next.js: 19ms, application-code: 360ms)
 GET /finance-products/staking 200 in 450ms (next.js: 37ms, application-code: 413ms)
 GET /finance-products/staking 200 in 421ms (next.js: 11ms, application-code: 410ms)
 GET /finance-products/staking 200 in 421ms (next.js: 27ms, application-code: 394ms)
 GET /finance-products/staking 200 in 418ms (next.js: 96ms, application-code: 322ms)
 GET /content/notifications 200 in 420ms (next.js: 40ms, application-code: 380ms)
 GET /finance-products/staking 200 in 420ms (next.js: 77ms, application-code: 344ms)
 GET /finance-products/staking 200 in 422ms (next.js: 59ms, application-code: 363ms)
 GET /content/notifications 200 in 415ms (next.js: 13ms, application-code: 402ms)
 GET /finance-products/staking 200 in 443ms (next.js: 27ms, application-code: 416ms)
 GET /content/notifications 200 in 443ms (next.js: 45ms, application-code: 398ms)
 GET /content/notifications 200 in 425ms (next.js: 45ms, application-code: 379ms)
 GET /finance-products/staking 200 in 369ms (next.js: 53ms, application-code: 316ms)
 GET /finance-products/staking 200 in 371ms (next.js: 35ms, application-code: 336ms)
 GET /content/notifications 200 in 374ms (next.js: 16ms, application-code: 358ms)
 GET /finance-products/staking 200 in 370ms (next.js: 70ms, application-code: 299ms)
 GET /finance-products/staking 200 in 369ms (next.js: 108ms, application-code: 262ms)
 GET /finance-products/staking 200 in 371ms (next.js: 89ms, application-code: 282ms)
 GET /finance-products/staking 200 in 343ms (next.js: 8ms, application-code: 334ms)
 GET /finance-products/staking 200 in 332ms (next.js: 13ms, application-code: 320ms)
 GET /finance-products/staking 200 in 333ms (next.js: 31ms, application-code: 302ms)
 GET /finance-products/staking 200 in 329ms (next.js: 66ms, application-code: 263ms)
 GET /content/notifications 200 in 336ms (next.js: 50ms, application-code: 286ms)
 GET /finance-products/staking 200 in 330ms (next.js: 83ms, application-code: 247ms)
 GET /finance-products/staking 200 in 331ms (next.js: 71ms, application-code: 260ms)
 GET /finance-products/staking 200 in 300ms (next.js: 8ms, application-code: 291ms)
 GET /finance-products/staking 200 in 301ms (next.js: 25ms, application-code: 276ms)
 GET /content/notifications 200 in 303ms (next.js: 8ms, application-code: 295ms)
 GET /finance-products/staking 200 in 303ms (next.js: 42ms, application-code: 261ms)
 GET /finance-products/staking 200 in 305ms (next.js: 56ms, application-code: 249ms)
 GET /finance-products/staking 200 in 307ms (next.js: 73ms, application-code: 234ms)
 GET /finance-products/staking 200 in 297ms (next.js: 12ms, application-code: 285ms)
 GET /finance-products/staking 200 in 314ms (next.js: 6ms, application-code: 307ms)
 GET /finance-products/staking 200 in 316ms (next.js: 10ms, application-code: 306ms)
 GET /finance-products/staking 200 in 317ms (next.js: 28ms, application-code: 289ms)
 GET /finance-products/staking 200 in 314ms (next.js: 59ms, application-code: 255ms)
 GET /finance-products/staking 200 in 317ms (next.js: 44ms, application-code: 273ms)
 GET /finance-products/staking 200 in 327ms (next.js: 16ms, application-code: 311ms)
 GET /finance-products/staking 200 in 334ms (next.js: 10ms, application-code: 324ms)
 GET /finance-products/staking 200 in 332ms (next.js: 14ms, application-code: 318ms)
 GET /finance-products/staking 200 in 332ms (next.js: 30ms, application-code: 303ms)
 GET /finance-products/staking 200 in 329ms (next.js: 62ms, application-code: 267ms)
 GET /finance-products/staking 200 in 331ms (next.js: 44ms, application-code: 287ms)
 GET /finance-products/staking 200 in 327ms (next.js: 17ms, application-code: 310ms)
 GET /finance-products/staking 200 in 315ms (next.js: 10ms, application-code: 306ms)
 GET /finance-products/staking 200 in 314ms (next.js: 10ms, application-code: 303ms)
 GET /finance-products/staking 200 in 314ms (next.js: 28ms, application-code: 286ms)
 GET /finance-products/staking 200 in 312ms (next.js: 45ms, application-code: 267ms)
 GET /finance-products/staking 200 in 312ms (next.js: 64ms, application-code: 248ms)
 GET /finance-products/staking 200 in 314ms (next.js: 21ms, application-code: 293ms)
 GET /finance-products/staking 200 in 304ms (next.js: 6ms, application-code: 298ms)
 GET /finance-products/staking 200 in 298ms (next.js: 9ms, application-code: 290ms)
 GET /finance-products/staking 200 in 298ms (next.js: 26ms, application-code: 272ms)
 GET /finance-products/staking 200 in 299ms (next.js: 61ms, application-code: 238ms)
 GET /finance-products/staking 200 in 301ms (next.js: 43ms, application-code: 257ms)
 GET /finance-products/staking 200 in 271ms (next.js: 6ms, application-code: 264ms)
 GET /finance-products/staking 200 in 292ms (next.js: 10ms, application-code: 282ms)
 GET /finance-products/staking 200 in 283ms (next.js: 26ms, application-code: 258ms)
 GET /finance-products/staking 200 in 285ms (next.js: 8ms, application-code: 277ms)
 GET /finance-products/staking 200 in 284ms (next.js: 64ms, application-code: 220ms)
 GET /finance-products/staking 200 in 287ms (next.js: 46ms, application-code: 241ms)
 GET /finance-products/staking 200 in 263ms (next.js: 9ms, application-code: 255ms)
 GET /finance-products/staking 200 in 252ms (next.js: 5ms, application-code: 247ms)
 GET /finance-products/staking 200 in 250ms (next.js: 23ms, application-code: 228ms)
 GET /finance-products/staking 200 in 252ms (next.js: 7ms, application-code: 245ms)
 GET /finance-products/staking 200 in 267ms (next.js: 36ms, application-code: 231ms)
 GET /finance-products/staking 200 in 273ms (next.js: 29ms, application-code: 244ms)
 GET /finance-products/staking 200 in 273ms (next.js: 7ms, application-code: 266ms)
 GET /finance-products/staking 200 in 254ms (next.js: 5ms, application-code: 249ms)
 GET /finance-products/staking 200 in 255ms (next.js: 9ms, application-code: 247ms)
 GET /finance-products/staking 200 in 256ms (next.js: 24ms, application-code: 232ms)
 GET /finance-products/staking 200 in 270ms (next.js: 36ms, application-code: 234ms)
 GET /finance-products/staking 200 in 280ms (next.js: 20ms, application-code: 260ms)
 GET /finance-products/staking 200 in 278ms (next.js: 10ms, application-code: 268ms)
 GET /finance-products/staking 200 in 287ms (next.js: 9ms, application-code: 277ms)
 GET /finance-products/staking 200 in 283ms (next.js: 24ms, application-code: 260ms)
 GET /finance-products/staking 200 in 284ms (next.js: 40ms, application-code: 244ms)
 GET /finance-products/staking 200 in 283ms (next.js: 40ms, application-code: 243ms)
 GET /finance-products/staking 200 in 263ms (next.js: 6ms, application-code: 257ms)
 GET /finance-products/staking 200 in 281ms (next.js: 7ms, application-code: 274ms)
 GET /finance-products/staking 200 in 286ms (next.js: 6ms, application-code: 279ms)
 GET /finance-products/staking 200 in 287ms (next.js: 22ms, application-code: 266ms)
 GET /finance-products/staking 200 in 288ms (next.js: 40ms, application-code: 248ms)
 GET /finance-products/staking 200 in 272ms (next.js: 46ms, application-code: 226ms)
 GET /finance-products/staking 200 in 272ms (next.js: 10ms, application-code: 262ms)
 GET /finance-products/staking 200 in 289ms (next.js: 12ms, application-code: 277ms)
 GET /finance-products/staking 200 in 267ms (next.js: 5ms, application-code: 262ms)
 GET /finance-products/staking 200 in 285ms (next.js: 38ms, application-code: 247ms)
 GET /finance-products/staking 200 in 287ms (next.js: 22ms, application-code: 265ms)
 GET /finance-products/staking 200 in 271ms (next.js: 41ms, application-code: 230ms)
 GET /finance-products/staking 200 in 273ms (next.js: 9ms, application-code: 264ms)
 GET /finance-products/staking 200 in 272ms (next.js: 8ms, application-code: 264ms)
 GET /finance-products/staking 200 in 277ms (next.js: 27ms, application-code: 251ms)
 GET /finance-products/staking 200 in 282ms (next.js: 12ms, application-code: 270ms)
 GET /finance-products/staking 200 in 279ms (next.js: 42ms, application-code: 236ms)
 GET /finance-products/staking 200 in 274ms (next.js: 9ms, application-code: 265ms)
 GET /finance-products/staking 200 in 275ms (next.js: 25ms, application-code: 250ms)
 GET /finance-products/staking 200 in 269ms (next.js: 9ms, application-code: 261ms)
 GET /finance-products/staking 200 in 275ms (next.js: 7ms, application-code: 268ms)
 GET /finance-products/staking 200 in 275ms (next.js: 38ms, application-code: 237ms)
 GET /finance-products/staking 200 in 277ms (next.js: 23ms, application-code: 253ms)
 GET /finance-products/staking 200 in 272ms (next.js: 13ms, application-code: 259ms)
 GET /finance-products/staking 200 in 292ms (next.js: 8ms, application-code: 284ms)
 GET /finance-products/staking 200 in 294ms (next.js: 5ms, application-code: 289ms)
 GET /finance-products/staking 200 in 299ms (next.js: 5ms, application-code: 294ms)
 GET /finance-products/staking 200 in 299ms (next.js: 20ms, application-code: 280ms)
 GET /finance-products/staking 200 in 299ms (next.js: 36ms, application-code: 263ms)
 GET /finance-products/staking 200 in 291ms (next.js: 10ms, application-code: 281ms)
 GET /finance-products/staking 200 in 313ms (next.js: 5ms, application-code: 308ms)
 GET /finance-products/staking 200 in 316ms (next.js: 15ms, application-code: 300ms)
 GET /finance-products/staking 200 in 313ms (next.js: 6ms, application-code: 307ms)
 GET /finance-products/staking 200 in 314ms (next.js: 25ms, application-code: 289ms)
 GET /finance-products/staking 200 in 316ms (next.js: 49ms, application-code: 267ms)
 GET /finance-products/staking 200 in 318ms (next.js: 28ms, application-code: 290ms)
 GET /finance-products/staking 200 in 319ms (next.js: 7ms, application-code: 312ms)
 GET /finance-products/staking 200 in 299ms (next.js: 8ms, application-code: 292ms)
 GET /finance-products/staking 200 in 312ms (next.js: 25ms, application-code: 287ms)
 GET /finance-products/staking 200 in 314ms (next.js: 6ms, application-code: 307ms)
 GET /finance-products/staking 200 in 314ms (next.js: 45ms, application-code: 269ms)
 GET /finance-products/staking 200 in 311ms (next.js: 31ms, application-code: 280ms)
 GET /finance-products/staking 200 in 303ms (next.js: 7ms, application-code: 296ms)
 GET /finance-products/staking 200 in 284ms (next.js: 13ms, application-code: 270ms)
 GET /finance-products/staking 200 in 282ms (next.js: 8ms, application-code: 274ms)
 GET /finance-products/staking 200 in 283ms (next.js: 29ms, application-code: 254ms)
 GET /finance-products/staking 200 in 300ms (next.js: 50ms, application-code: 249ms)
 GET /finance-products/staking 200 in 288ms (next.js: 30ms, application-code: 259ms)
 GET /finance-products/staking 200 in 292ms (next.js: 10ms, application-code: 282ms)
 GET /finance-products/staking 200 in 290ms (next.js: 24ms, application-code: 266ms)
 GET /finance-products/staking 200 in 269ms (next.js: 24ms, application-code: 245ms)
 GET /finance-products/staking 200 in 271ms (next.js: 9ms, application-code: 262ms)
 GET /finance-products/staking 200 in 288ms (next.js: 41ms, application-code: 247ms)
 GET /finance-products/staking 200 in 286ms (next.js: 23ms, application-code: 263ms)
 GET /finance-products/staking 200 in 287ms (next.js: 7ms, application-code: 280ms)
 GET /finance-products/staking 200 in 267ms (next.js: 16ms, application-code: 250ms)
 GET /finance-products/staking 200 in 274ms (next.js: 23ms, application-code: 251ms)
 GET /finance-products/staking 200 in 275ms (next.js: 38ms, application-code: 237ms)
 GET /finance-products/staking 200 in 285ms (next.js: 44ms, application-code: 241ms)
 GET /finance-products/staking 200 in 292ms (next.js: 32ms, application-code: 260ms)
 GET /finance-products/staking 200 in 288ms (next.js: 7ms, application-code: 281ms)
 GET /finance-products/staking 200 in 270ms (next.js: 9ms, application-code: 261ms)
 GET /finance-products/staking 200 in 290ms (next.js: 23ms, application-code: 267ms)
 GET /finance-products/staking 200 in 289ms (next.js: 37ms, application-code: 252ms)
 GET /finance-products/staking 200 in 293ms (next.js: 39ms, application-code: 254ms)
 GET /finance-products/staking 200 in 285ms (next.js: 10ms, application-code: 276ms)
 GET /finance-products/staking 200 in 314ms (next.js: 7ms, application-code: 306ms)
 GET /finance-products/staking 200 in 313ms (next.js: 26ms, application-code: 287ms)
 GET /finance-products/staking 200 in 310ms (next.js: 50ms, application-code: 260ms)
 GET /finance-products/staking 200 in 312ms (next.js: 33ms, application-code: 278ms)
 GET /finance-products/staking 200 in 306ms (next.js: 49ms, application-code: 257ms)
 GET /finance-products/staking 200 in 291ms (next.js: 6ms, application-code: 284ms)
 GET /finance-products/staking 200 in 308ms (next.js: 8ms, application-code: 300ms)
 GET /finance-products/staking 200 in 308ms (next.js: 30ms, application-code: 279ms)
 GET /finance-products/staking 200 in 302ms (next.js: 45ms, application-code: 257ms)
 GET /finance-products/staking 200 in 304ms (next.js: 26ms, application-code: 278ms)
 GET /finance-products/staking 200 in 280ms (next.js: 15ms, application-code: 265ms)
 GET /finance-products/staking 200 in 276ms (next.js: 31ms, application-code: 246ms)
 GET /finance-products/staking 200 in 222ms (next.js: 6ms, application-code: 215ms)
 GET /finance-products/staking 200 in 220ms (next.js: 27ms, application-code: 193ms)
 GET /finance-products/staking 200 in 199ms (next.js: 45ms, application-code: 154ms)
 GET /finance-products/staking 200 in 205ms (next.js: 27ms, application-code: 178ms)
 GET /finance-products/staking 200 in 135ms (next.js: 8ms, application-code: 128ms)
 GET /finance-products/staking 200 in 134ms (next.js: 24ms, application-code: 111ms)
 GET /finance-products/staking 200 in 92ms (next.js: 6ms, application-code: 86ms)
 GET /finance-products/staking 200 in 92ms (next.js: 26ms, application-code: 66ms)
 GET /finance-products/staking 200 in 74ms (next.js: 24ms, application-code: 51ms)
 GET /risk/janus-c2 200 in 275ms (next.js: 9ms, application-code: 266ms)
[?25h
