▲ Next.js 16.2.6 (webpack)
- Local:         http://localhost:3002
- Network:       http://28.0.0.1:3002
- Environments: .env.local
✓ Ready in 409ms

○ Compiling / ...
 GET / 200 in 27.8s (next.js: 27.6s, application-code: 188ms)
 GET / 200 in 50ms (next.js: 3ms, application-code: 47ms)
 GET /devices/compute-config 200 in 13.4s (next.js: 13.3s, application-code: 105ms)
 GET /favicon.ico 200 in 1545ms (next.js: 1526ms, application-code: 19ms)
 GET /devices/compute-config 200 in 340ms (next.js: 96ms, application-code: 244ms)
 GET /platform/rbac 200 in 39ms (next.js: 6ms, application-code: 32ms)
 GET / 200 in 82ms (next.js: 16ms, application-code: 66ms)
 GET / 200 in 28ms (next.js: 2ms, application-code: 26ms)
 GET / 200 in 29ms (next.js: 2ms, application-code: 27ms)
 GET / 200 in 23ms (next.js: 2ms, application-code: 21ms)
 GET / 200 in 28ms (next.js: 2ms, application-code: 26ms)
 GET / 200 in 28ms (next.js: 2ms, application-code: 26ms)
 GET / 200 in 28ms (next.js: 2ms, application-code: 26ms)
 GET / 200 in 29ms (next.js: 1902µs, application-code: 27ms)
 GET /overview/dual-ledger 200 in 802ms (next.js: 669ms, application-code: 133ms)
 GET /overview/dual-ledger 200 in 25ms (next.js: 1837µs, application-code: 23ms)
 GET /overview/dual-ledger 200 in 23ms (next.js: 1828µs, application-code: 21ms)
 GET /finance/withdrawals 200 in 606ms (next.js: 497ms, application-code: 109ms)
 GET /finance/withdrawals 200 in 25ms (next.js: 1797µs, application-code: 23ms)
 GET /finance/withdrawals 200 in 25ms (next.js: 1776µs, application-code: 23ms)
 GET /finance/withdrawals 200 in 24ms (next.js: 1972µs, application-code: 23ms)
 GET /finance/withdrawals 200 in 26ms (next.js: 1804µs, application-code: 24ms)
 GET /users/search/U-88421 200 in 2.6s (next.js: 2.5s, application-code: 157ms)
 GET /users/search 200 in 826ms (next.js: 651ms, application-code: 175ms)
 GET / 200 in 50ms (next.js: 20ms, application-code: 30ms)
 GET /users/search 200 in 30ms (next.js: 2ms, application-code: 28ms)
 GET /users/search 200 in 28ms (next.js: 1975µs, application-code: 26ms)
 GET /users/search 200 in 35ms (next.js: 1881µs, application-code: 33ms)
 GET / 200 in 62ms (next.js: 3ms, application-code: 60ms)
 GET /users/search 200 in 27ms (next.js: 2ms, application-code: 25ms)
 GET /users/actions 200 in 146ms (next.js: 107ms, application-code: 39ms)
 GET /users/actions 200 in 27ms (next.js: 1982µs, application-code: 25ms)
 GET /users/actions 200 in 28ms (next.js: 3ms, application-code: 25ms)
 GET /users/assets 200 in 30ms (next.js: 3ms, application-code: 27ms)
 GET /users/assets 200 in 31ms (next.js: 4ms, application-code: 27ms)
 GET /users/assets 200 in 35ms (next.js: 3ms, application-code: 32ms)
 GET /users/kyc 200 in 26ms (next.js: 1621µs, application-code: 25ms)
 GET /users/kyc 200 in 27ms (next.js: 1806µs, application-code: 25ms)
 GET /users/security 200 in 32ms (next.js: 6ms, application-code: 26ms)
 GET /users/security 200 in 27ms (next.js: 1681µs, application-code: 25ms)
 GET /users/reg-risk 200 in 38ms (next.js: 2ms, application-code: 36ms)
 GET /users/reg-risk 200 in 27ms (next.js: 2ms, application-code: 25ms)
 GET /users/search/U-88421 200 in 64ms (next.js: 18ms, application-code: 46ms)
 GET /users/search/U-88421 200 in 31ms (next.js: 2ms, application-code: 29ms)
 GET /users/search/U-88421 200 in 33ms (next.js: 4ms, application-code: 28ms)
 GET /users/search/U-88421 200 in 33ms (next.js: 1783µs, application-code: 31ms)
 GET /users/search/U-88421 200 in 28ms (next.js: 2ms, application-code: 26ms)
 GET /users/search/U-88421 200 in 33ms (next.js: 1554µs, application-code: 31ms)
 GET /users/search/U-88421 200 in 28ms (next.js: 1967µs, application-code: 26ms)
 GET /users/search/U-88421 200 in 33ms (next.js: 6ms, application-code: 28ms)
 GET /users/search/U-88421 200 in 34ms (next.js: 1615µs, application-code: 33ms)
 GET /users/search/U-88421 200 in 27ms (next.js: 1723µs, application-code: 26ms)
 GET /users/search/U-88421 200 in 25ms (next.js: 1639µs, application-code: 23ms)
 GET /users/search/U-88421 200 in 26ms (next.js: 3ms, application-code: 23ms)
 GET /users/search/U-88421 200 in 26ms (next.js: 3ms, application-code: 23ms)
 GET /users/search/U-88421 200 in 29ms (next.js: 1753µs, application-code: 28ms)
 GET /users/search/U-88421 200 in 25ms (next.js: 1630µs, application-code: 23ms)
 GET /platform/rbac 200 in 32ms (next.js: 6ms, application-code: 26ms)
 GET /platform/rbac 200 in 27ms (next.js: 1578µs, application-code: 26ms)
 GET /platform/rbac 200 in 29ms (next.js: 1530µs, application-code: 28ms)
 GET /platform/rbac 200 in 30ms (next.js: 1984µs, application-code: 28ms)
 GET /platform/audit 200 in 41ms (next.js: 3ms, application-code: 38ms)
 GET /platform/audit 200 in 29ms (next.js: 1783µs, application-code: 27ms)
 GET /platform/audit 200 in 40ms (next.js: 1894µs, application-code: 38ms)
 GET /platform/audit 200 in 29ms (next.js: 1869µs, application-code: 27ms)
 GET /platform/config 200 in 28ms (next.js: 2ms, application-code: 26ms)
 GET /platform/config 200 in 33ms (next.js: 5ms, application-code: 28ms)
 GET /platform/config 200 in 30ms (next.js: 1817µs, application-code: 29ms)
 GET /platform/config 200 in 27ms (next.js: 2ms, application-code: 25ms)
 GET /platform/events 200 in 31ms (next.js: 3ms, application-code: 28ms)
 GET /platform/events 200 in 26ms (next.js: 1962µs, application-code: 24ms)
 GET /platform/events 200 in 26ms (next.js: 3ms, application-code: 23ms)
 GET /platform/events 200 in 28ms (next.js: 2ms, application-code: 26ms)
 GET /content/copy-ab 200 in 27ms (next.js: 2ms, application-code: 25ms)
 GET /content/copy-ab 200 in 28ms (next.js: 3ms, application-code: 25ms)
 GET /content/copy-ab 200 in 36ms (next.js: 10ms, application-code: 26ms)
 GET /content/nova 200 in 29ms (next.js: 2ms, application-code: 27ms)
 GET /content/nova 200 in 27ms (next.js: 1965µs, application-code: 25ms)
 GET /content/nova 200 in 34ms (next.js: 1789µs, application-code: 32ms)
 GET /content/notifications 200 in 28ms (next.js: 3ms, application-code: 25ms)
 GET /content/notifications 200 in 41ms (next.js: 13ms, application-code: 28ms)
 GET /content/notifications 200 in 29ms (next.js: 1603µs, application-code: 27ms)
 GET /content/trust 200 in 31ms (next.js: 2ms, application-code: 28ms)
 GET /content/trust 200 in 26ms (next.js: 1844µs, application-code: 24ms)
 GET /content/trust 200 in 47ms (next.js: 6ms, application-code: 42ms)
 GET /content/trust 200 in 29ms (next.js: 1904µs, application-code: 27ms)
 GET /content/i18n 200 in 28ms (next.js: 1662µs, application-code: 26ms)
 GET /content/i18n 200 in 30ms (next.js: 3ms, application-code: 26ms)
 GET /content/i18n 200 in 33ms (next.js: 2ms, application-code: 31ms)
 GET /content/i18n 200 in 32ms (next.js: 1963µs, application-code: 30ms)
 GET /service/overview 200 in 30ms (next.js: 2ms, application-code: 28ms)
 GET /service/overview 200 in 28ms (next.js: 1804µs, application-code: 27ms)
 GET /service/tickets 200 in 29ms (next.js: 2ms, application-code: 27ms)
 GET /service/tickets 200 in 30ms (next.js: 7ms, application-code: 23ms)
 GET /service/sessions 200 in 27ms (next.js: 1658µs, application-code: 25ms)
 GET /service/sessions 200 in 39ms (next.js: 1935µs, application-code: 37ms)
 GET /service/sessions 200 in 26ms (next.js: 1620µs, application-code: 25ms)
 GET /service/kb-sla 200 in 28ms (next.js: 3ms, application-code: 26ms)
 GET /service/kb-sla 200 in 34ms (next.js: 2ms, application-code: 31ms)
 GET /service/scripts 200 in 33ms (next.js: 3ms, application-code: 30ms)
 GET /service/scripts 200 in 32ms (next.js: 2ms, application-code: 30ms)
 GET /platform/params-registry 200 in 886ms (next.js: 576ms, application-code: 311ms)
 GET /platform/params-registry 200 in 194ms (next.js: 2ms, application-code: 192ms)
 GET /platform/params-registry 200 in 196ms (next.js: 1930µs, application-code: 195ms)
 GET /finance/params 200 in 902ms (next.js: 779ms, application-code: 124ms)
 GET /finance/params 200 in 30ms (next.js: 1536µs, application-code: 28ms)
 GET /finance/params 200 in 26ms (next.js: 1789µs, application-code: 24ms)
 GET /finance/params 200 in 24ms (next.js: 1936µs, application-code: 22ms)
 GET / 200 in 36ms (next.js: 9ms, application-code: 27ms)
 GET /finance/recon 200 in 107ms (next.js: 65ms, application-code: 42ms)
 GET /finance/recon 200 in 34ms (next.js: 2ms, application-code: 32ms)
 GET /overview/dual-ledger 200 in 57ms (next.js: 16ms, application-code: 41ms)
 GET /finance/withdrawals 200 in 129ms (next.js: 97ms, application-code: 32ms)
 GET /finance/withdrawals 200 in 26ms (next.js: 3ms, application-code: 23ms)
 GET /overview/dual-ledger 200 in 25ms (next.js: 1734µs, application-code: 23ms)
 GET /overview/dual-ledger 200 in 26ms (next.js: 1761µs, application-code: 24ms)
 GET /overview/dual-ledger 200 in 24ms (next.js: 1603µs, application-code: 23ms)
 GET / 200 in 23ms (next.js: 1780µs, application-code: 21ms)
 GET /finance/withdrawals 200 in 23ms (next.js: 2ms, application-code: 21ms)
 GET /finance/withdrawals 200 in 27ms (next.js: 3ms, application-code: 24ms)
 GET / 200 in 22ms (next.js: 1752µs, application-code: 20ms)
 GET / 200 in 26ms (next.js: 2ms, application-code: 24ms)
 GET /platform/rbac 200 in 36ms (next.js: 7ms, application-code: 29ms)
 GET /overview/liquidity 200 in 756ms (next.js: 641ms, application-code: 115ms)
 GET /network/royalty 200 in 105ms (next.js: 62ms, application-code: 43ms)
 GET /devices/pricing 200 in 26ms (next.js: 1552µs, application-code: 24ms)
 GET /finance-products/staking 200 in 30ms (next.js: 1968µs, application-code: 28ms)
 GET /risk/multi-account 200 in 27ms (next.js: 3ms, application-code: 24ms)
 GET /risk/abuse 200 in 26ms (next.js: 2ms, application-code: 23ms)
 GET /risk/withdrawal-rules 200 in 26ms (next.js: 1593µs, application-code: 24ms)
 GET /risk/scoring 200 in 26ms (next.js: 1723µs, application-code: 25ms)
 GET /risk/kyc-review 200 in 25ms (next.js: 1628µs, application-code: 24ms)
 GET /risk/janus-c2 200 in 27ms (next.js: 1545µs, application-code: 25ms)
 GET /finance/recon 200 in 32ms (next.js: 5ms, application-code: 27ms)
 GET /finance/recon 200 in 39ms (next.js: 2ms, application-code: 36ms)
 GET /finance/pool 200 in 29ms (next.js: 1459µs, application-code: 27ms)
 GET /finance/pool 200 in 29ms (next.js: 3ms, application-code: 25ms)
 GET /finance/ledger 200 in 26ms (next.js: 1852µs, application-code: 24ms)
 GET /finance/ledger 200 in 30ms (next.js: 1905µs, application-code: 28ms)
 GET /finance-products/staking 200 in 30ms (next.js: 1738µs, application-code: 28ms)
 GET /finance-products/staking 200 in 31ms (next.js: 4ms, application-code: 27ms)
 GET /finance-products/exchange 200 in 30ms (next.js: 3ms, application-code: 27ms)
 GET /finance-products/exchange 200 in 31ms (next.js: 5ms, application-code: 25ms)
 GET /finance-products/market 200 in 28ms (next.js: 1590µs, application-code: 26ms)
 GET /finance-products/market 200 in 27ms (next.js: 2ms, application-code: 25ms)
 GET /finance-products/market 200 in 34ms (next.js: 1591µs, application-code: 32ms)
 GET /finance-products/genesis 200 in 24ms (next.js: 1627µs, application-code: 22ms)
 GET /finance-products/genesis 200 in 25ms (next.js: 2ms, application-code: 23ms)
 GET /finance-products/repurchase 200 in 29ms (next.js: 2ms, application-code: 27ms)
 GET /devices/compute-config 200 in 30ms (next.js: 13ms, application-code: 17ms)
 GET /risk/janus-c2 200 in 20ms (next.js: 6ms, application-code: 15ms)
 GET /risk/janus-c2 200 in 57ms (next.js: 9ms, application-code: 48ms)
 GET /risk/janus-c2 200 in 29ms (next.js: 2ms, application-code: 27ms)
 GET / 200 in 51ms (next.js: 20ms, application-code: 31ms)
 GET /risk/janus-c2 200 in 36ms (next.js: 7ms, application-code: 29ms)
 GET /favicon.ico 200 in 20ms (next.js: 4ms, application-code: 15ms)
 POST /api/admin/auth/login 200 in 1371ms (next.js: 1349ms, application-code: 22ms)
 GET /finance-products/staking 200 in 233ms (next.js: 78ms, application-code: 155ms)
 GET /risk/janus-c2 200 in 36ms (next.js: 6ms, application-code: 30ms)
 GET /finance-products/staking 200 in 34ms (next.js: 6ms, application-code: 28ms)
 GET /platform/params-registry 200 in 697ms (next.js: 340ms, application-code: 358ms)
 GET /finance-products/staking 200 in 85ms (next.js: 57ms, application-code: 28ms)
 GET /finance-products/staking 200 in 39ms (next.js: 8ms, application-code: 31ms)
 GET /risk/janus-c2 200 in 31ms (next.js: 9ms, application-code: 22ms)
 GET /risk/janus-c2 200 in 249ms (next.js: 189ms, application-code: 60ms)
 GET /risk/janus-c2 200 in 171ms (next.js: 132ms, application-code: 39ms)
 GET /devices/compute-config 200 in 146ms (next.js: 15ms, application-code: 132ms)
 GET /risk/janus-c2 200 in 36ms (next.js: 3ms, application-code: 34ms)
 GET /devices/compute-config 200 in 49ms (next.js: 6ms, application-code: 43ms)
 GET /devices/compute-config 200 in 40ms (next.js: 7ms, application-code: 32ms)
 POST /api/admin/auth/login 200 in 1444ms (next.js: 1387ms, application-code: 56ms)
 GET /devices/compute-config 200 in 1598ms (next.js: 1377ms, application-code: 221ms)
 GET /risk/janus-c2 200 in 48ms (next.js: 4ms, application-code: 43ms)
 GET /devices/compute-config 200 in 26ms (next.js: 1643µs, application-code: 24ms)
 GET /risk/janus-c2 200 in 37ms (next.js: 5ms, application-code: 32ms)
 GET /devices/compute-config 200 in 38ms (next.js: 7ms, application-code: 31ms)
 GET /risk/janus-c2 200 in 218ms (next.js: 171ms, application-code: 47ms)
 GET /risk/janus-c2 200 in 35ms (next.js: 8ms, application-code: 27ms)
 GET /platform/rbac 200 in 152ms (next.js: 6ms, application-code: 146ms)
 GET / 200 in 48ms (next.js: 16ms, application-code: 32ms)
 GET / 200 in 26ms (next.js: 1638µs, application-code: 24ms)
 GET / 200 in 27ms (next.js: 1847µs, application-code: 25ms)
 GET / 200 in 30ms (next.js: 2ms, application-code: 28ms)
 GET / 200 in 24ms (next.js: 1915µs, application-code: 22ms)
 GET / 200 in 23ms (next.js: 1684µs, application-code: 22ms)
 GET / 200 in 21ms (next.js: 1531µs, application-code: 19ms)
 GET / 200 in 21ms (next.js: 1632µs, application-code: 19ms)
 GET /overview/dual-ledger 200 in 1272ms (next.js: 1154ms, application-code: 118ms)
 GET /overview/dual-ledger 200 in 25ms (next.js: 2ms, application-code: 23ms)
 GET /overview/dual-ledger 200 in 28ms (next.js: 3ms, application-code: 25ms)
 GET /finance/withdrawals 200 in 572ms (next.js: 473ms, application-code: 99ms)
 GET /finance/withdrawals 200 in 26ms (next.js: 1604µs, application-code: 24ms)
 GET /finance/withdrawals 200 in 28ms (next.js: 2ms, application-code: 26ms)
 GET /finance/withdrawals 200 in 25ms (next.js: 1689µs, application-code: 23ms)
 GET /finance/withdrawals 200 in 25ms (next.js: 2ms, application-code: 22ms)
 GET /users/search/U-88421 200 in 618ms (next.js: 520ms, application-code: 98ms)
 GET /users/search 200 in 515ms (next.js: 430ms, application-code: 84ms)
 GET /users/search 200 in 27ms (next.js: 1715µs, application-code: 25ms)
 GET /users/search 200 in 33ms (next.js: 1587µs, application-code: 32ms)
 GET /users/search 200 in 24ms (next.js: 1624µs, application-code: 23ms)
 GET /users/search 200 in 24ms (next.js: 2ms, application-code: 22ms)
 GET /users/actions 200 in 126ms (next.js: 96ms, application-code: 31ms)
 GET /users/actions 200 in 26ms (next.js: 1557µs, application-code: 24ms)
 GET /users/actions 200 in 25ms (next.js: 1887µs, application-code: 24ms)
 GET /users/assets 200 in 26ms (next.js: 1567µs, application-code: 24ms)
 GET /users/assets 200 in 26ms (next.js: 2ms, application-code: 24ms)
 GET /users/assets 200 in 26ms (next.js: 1981µs, application-code: 25ms)
 GET /users/kyc 200 in 24ms (next.js: 1798µs, application-code: 22ms)
 GET /users/kyc 200 in 24ms (next.js: 1590µs, application-code: 22ms)
 GET /users/security 200 in 37ms (next.js: 1993µs, application-code: 35ms)
 GET /users/security 200 in 28ms (next.js: 5ms, application-code: 23ms)
 GET /users/reg-risk 200 in 24ms (next.js: 1489µs, application-code: 22ms)
 GET /users/reg-risk 200 in 24ms (next.js: 1584µs, application-code: 22ms)
 GET /users/search/U-88421 200 in 52ms (next.js: 14ms, application-code: 38ms)
 GET /users/search/U-88421 200 in 29ms (next.js: 2ms, application-code: 27ms)
 GET /users/search/U-88421 200 in 28ms (next.js: 3ms, application-code: 24ms)
 GET /users/search/U-88421 200 in 29ms (next.js: 1629µs, application-code: 27ms)
 GET /users/search/U-88421 200 in 33ms (next.js: 2ms, application-code: 31ms)
 GET /users/search/U-88421 200 in 27ms (next.js: 3ms, application-code: 24ms)
 GET /users/search/U-88421 200 in 27ms (next.js: 1696µs, application-code: 25ms)
 GET /users/search/U-88421 200 in 40ms (next.js: 6ms, application-code: 34ms)
 GET /users/search/U-88421 200 in 26ms (next.js: 1792µs, application-code: 24ms)
 GET /users/search/U-88421 200 in 24ms (next.js: 1736µs, application-code: 22ms)
 GET /users/search/U-88421 200 in 23ms (next.js: 1477µs, application-code: 22ms)
 GET /users/search/U-88421 200 in 25ms (next.js: 2ms, application-code: 23ms)
 GET /users/search/U-88421 200 in 24ms (next.js: 1589µs, application-code: 23ms)
 GET /users/search/U-88421 200 in 23ms (next.js: 1591µs, application-code: 21ms)
 GET /users/search/U-88421 200 in 27ms (next.js: 3ms, application-code: 24ms)
 GET /platform/rbac 200 in 34ms (next.js: 6ms, application-code: 28ms)
 GET /platform/rbac 200 in 25ms (next.js: 1962µs, application-code: 23ms)
 GET /platform/rbac 200 in 25ms (next.js: 1620µs, application-code: 24ms)
 GET /platform/rbac 200 in 31ms (next.js: 1712µs, application-code: 29ms)
 GET /platform/audit 200 in 24ms (next.js: 1872µs, application-code: 22ms)
 GET /platform/audit 200 in 25ms (next.js: 1780µs, application-code: 23ms)
 GET /platform/audit 200 in 23ms (next.js: 1433µs, application-code: 22ms)
 GET /platform/audit 200 in 28ms (next.js: 2ms, application-code: 25ms)
 GET /platform/config 200 in 26ms (next.js: 1724µs, application-code: 24ms)
 GET /platform/config 200 in 29ms (next.js: 6ms, application-code: 22ms)
 GET /platform/config 200 in 25ms (next.js: 1973µs, application-code: 23ms)
 GET /platform/config 200 in 27ms (next.js: 1537µs, application-code: 26ms)
 GET /platform/events 200 in 31ms (next.js: 3ms, application-code: 28ms)
 GET /platform/events 200 in 26ms (next.js: 2ms, application-code: 24ms)
 GET /platform/events 200 in 24ms (next.js: 1606µs, application-code: 22ms)
 GET /platform/events 200 in 27ms (next.js: 3ms, application-code: 24ms)
 GET /content/copy-ab 200 in 25ms (next.js: 1871µs, application-code: 24ms)
 GET /content/copy-ab 200 in 24ms (next.js: 1549µs, application-code: 22ms)
 GET /content/copy-ab 200 in 28ms (next.js: 6ms, application-code: 22ms)
 GET /content/nova 200 in 26ms (next.js: 1576µs, application-code: 24ms)
 GET /content/nova 200 in 24ms (next.js: 2ms, application-code: 22ms)
 GET /content/nova 200 in 28ms (next.js: 1766µs, application-code: 26ms)
 GET /content/notifications 200 in 28ms (next.js: 1851µs, application-code: 26ms)
 GET /content/notifications 200 in 25ms (next.js: 2ms, application-code: 23ms)
 GET /content/notifications 200 in 24ms (next.js: 1633µs, application-code: 23ms)
 GET /content/trust 200 in 24ms (next.js: 3ms, application-code: 22ms)
 GET /content/trust 200 in 38ms (next.js: 2ms, application-code: 36ms)
 GET /content/trust 200 in 28ms (next.js: 5ms, application-code: 23ms)
 GET /content/trust 200 in 25ms (next.js: 1908µs, application-code: 23ms)
 GET /content/i18n 200 in 25ms (next.js: 1632µs, application-code: 23ms)
 GET /content/i18n 200 in 27ms (next.js: 2ms, application-code: 25ms)
 GET /content/i18n 200 in 24ms (next.js: 1605µs, application-code: 22ms)
 GET /content/i18n 200 in 27ms (next.js: 1888µs, application-code: 25ms)
 GET /service/overview 200 in 29ms (next.js: 1829µs, application-code: 27ms)
 GET /service/overview 200 in 25ms (next.js: 1634µs, application-code: 24ms)
 GET /service/tickets 200 in 25ms (next.js: 1606µs, application-code: 23ms)
 GET /service/tickets 200 in 30ms (next.js: 6ms, application-code: 24ms)
 GET /service/sessions 200 in 37ms (next.js: 3ms, application-code: 34ms)
 GET /service/sessions 200 in 26ms (next.js: 1569µs, application-code: 24ms)
 GET /service/sessions 200 in 25ms (next.js: 1698µs, application-code: 23ms)
 GET /service/kb-sla 200 in 28ms (next.js: 1878µs, application-code: 27ms)
 GET /service/kb-sla 200 in 24ms (next.js: 1736µs, application-code: 22ms)
 GET /service/scripts 200 in 23ms (next.js: 1535µs, application-code: 21ms)
 GET /service/scripts 200 in 26ms (next.js: 1660µs, application-code: 24ms)
 GET /platform/params-registry 200 in 749ms (next.js: 425ms, application-code: 324ms)
 GET /platform/params-registry 200 in 189ms (next.js: 3ms, application-code: 186ms)
 GET /platform/params-registry 200 in 184ms (next.js: 1674µs, application-code: 182ms)
 GET /finance/params 200 in 580ms (next.js: 497ms, application-code: 83ms)
 GET /finance/params 200 in 24ms (next.js: 1751µs, application-code: 23ms)
 GET /finance/params 200 in 25ms (next.js: 3ms, application-code: 23ms)
 GET /finance/params 200 in 26ms (next.js: 1650µs, application-code: 24ms)
 GET / 200 in 42ms (next.js: 14ms, application-code: 29ms)
 GET /finance/recon 200 in 97ms (next.js: 64ms, application-code: 33ms)
 GET /finance/recon 200 in 28ms (next.js: 2ms, application-code: 26ms)
 GET /overview/dual-ledger 200 in 52ms (next.js: 16ms, application-code: 35ms)
 GET /finance/withdrawals 200 in 138ms (next.js: 99ms, application-code: 39ms)
 GET /finance/withdrawals 200 in 27ms (next.js: 1620µs, application-code: 25ms)
 GET /overview/dual-ledger 200 in 27ms (next.js: 1759µs, application-code: 26ms)
 GET /overview/dual-ledger 200 in 29ms (next.js: 2ms, application-code: 27ms)
 GET /overview/dual-ledger 200 in 23ms (next.js: 1708µs, application-code: 21ms)
 GET / 200 in 22ms (next.js: 1508µs, application-code: 20ms)
 GET /finance/withdrawals 200 in 25ms (next.js: 1605µs, application-code: 23ms)
 GET /finance/withdrawals 200 in 22ms (next.js: 2ms, application-code: 20ms)
 GET / 200 in 22ms (next.js: 1918µs, application-code: 20ms)
 GET / 200 in 21ms (next.js: 1604µs, application-code: 19ms)
 GET /platform/rbac 200 in 32ms (next.js: 5ms, application-code: 26ms)
 GET /overview/liquidity 200 in 625ms (next.js: 545ms, application-code: 80ms)
 GET /network/royalty 200 in 108ms (next.js: 57ms, application-code: 52ms)
 GET /devices/pricing 200 in 24ms (next.js: 1744µs, application-code: 22ms)
 GET /finance-products/staking 200 in 26ms (next.js: 3ms, application-code: 24ms)
 GET /risk/multi-account 200 in 26ms (next.js: 3ms, application-code: 23ms)
 GET /risk/abuse 200 in 25ms (next.js: 1939µs, application-code: 23ms)
 GET /risk/withdrawal-rules 200 in 26ms (next.js: 2ms, application-code: 24ms)
 GET /risk/scoring 200 in 24ms (next.js: 1720µs, application-code: 22ms)
 GET /risk/kyc-review 200 in 24ms (next.js: 1809µs, application-code: 22ms)
 GET /risk/janus-c2 200 in 30ms (next.js: 6ms, application-code: 24ms)
 GET /finance/recon 200 in 27ms (next.js: 1657µs, application-code: 25ms)
 GET /finance/recon 200 in 25ms (next.js: 1603µs, application-code: 23ms)
 GET /finance/pool 200 in 35ms (next.js: 1520µs, application-code: 33ms)
 GET /finance/pool 200 in 26ms (next.js: 1825µs, application-code: 24ms)
 GET /finance/ledger 200 in 29ms (next.js: 2ms, application-code: 27ms)
 GET /finance/ledger 200 in 25ms (next.js: 2ms, application-code: 22ms)
 GET /finance-products/staking 200 in 26ms (next.js: 3ms, application-code: 23ms)
 GET /finance-products/staking 200 in 26ms (next.js: 2ms, application-code: 24ms)
 GET /finance-products/exchange 200 in 28ms (next.js: 5ms, application-code: 22ms)
 GET /finance-products/exchange 200 in 24ms (next.js: 1462µs, application-code: 22ms)
 GET /finance-products/market 200 in 25ms (next.js: 2ms, application-code: 23ms)
 GET /finance-products/market 200 in 26ms (next.js: 1681µs, application-code: 25ms)
 GET /finance-products/market 200 in 27ms (next.js: 2ms, application-code: 25ms)
 GET /finance-products/genesis 200 in 26ms (next.js: 1574µs, application-code: 24ms)
 GET /finance-products/genesis 200 in 35ms (next.js: 1710µs, application-code: 33ms)
 GET /finance-products/repurchase 200 in 27ms (next.js: 1752µs, application-code: 25ms)
 GET /risk/janus-c2 200 in 29ms (next.js: 8ms, application-code: 21ms)
 GET /risk/janus-c2 200 in 39ms (next.js: 12ms, application-code: 27ms)
 GET /risk/janus-c2 200 in 27ms (next.js: 7ms, application-code: 19ms)
 GET /risk/janus-c2 200 in 25ms (next.js: 1920µs, application-code: 24ms)
 GET /risk/janus-c2 200 in 45ms (next.js: 4ms, application-code: 41ms)
 GET /risk/janus-c2 200 in 35ms (next.js: 16ms, application-code: 19ms)
 GET /risk/janus-c2 200 in 118ms (next.js: 4ms, application-code: 114ms)
 GET /risk/janus-c2 200 in 25ms (next.js: 6ms, application-code: 19ms)
 GET /risk/janus-c2 200 in 28ms (next.js: 8ms, application-code: 21ms)
 GET /risk/janus-c2 200 in 23ms (next.js: 2ms, application-code: 20ms)
 GET /risk/janus-c2 200 in 32ms (next.js: 4ms, application-code: 29ms)
 GET /risk/janus-c2 200 in 26ms (next.js: 6ms, application-code: 20ms)
 GET /risk/janus-c2 200 in 21ms (next.js: 3ms, application-code: 18ms)
 GET /risk/janus-c2 200 in 52ms (next.js: 3ms, application-code: 49ms)
 GET /devices/compute-config 200 in 40ms (next.js: 9ms, application-code: 31ms)
 GET /risk/janus-c2 200 in 29ms (next.js: 4ms, application-code: 25ms)
 GET /devices/compute-config 200 in 36ms (next.js: 6ms, application-code: 30ms)
 POST /api/admin/auth/login 200 in 995ms (next.js: 977ms, application-code: 17ms)
 GET /devices/compute-config 200 in 224ms (next.js: 134ms, application-code: 90ms)
 GET /risk/janus-c2 200 in 47ms (next.js: 2ms, application-code: 44ms)
 GET /devices/compute-config 200 in 31ms (next.js: 14ms, application-code: 17ms)
 GET /devices/compute-config 200 in 160ms (next.js: 6ms, application-code: 154ms)
 GET /devices/compute-config? 200 in 53ms (next.js: 3ms, application-code: 50ms)
 GET /devices/compute-config 200 in 41ms (next.js: 6ms, application-code: 35ms)
 GET /devices/compute-config 200 in 37ms (next.js: 7ms, application-code: 30ms)
 GET /devices/compute-config? 200 in 53ms (next.js: 2ms, application-code: 51ms)
 GET /devices/compute-config 200 in 27ms (next.js: 5ms, application-code: 22ms)
 GET /devices/compute-config 200 in 45ms (next.js: 7ms, application-code: 38ms)
 GET /devices/compute-config? 200 in 35ms (next.js: 1765µs, application-code: 33ms)
 GET /devices/compute-config 200 in 31ms (next.js: 5ms, application-code: 26ms)
 POST /api/admin/auth/login 200 in 16ms (next.js: 1690µs, application-code: 15ms)
 GET /devices/compute-config 200 in 33ms (next.js: 6ms, application-code: 27ms)
 POST /api/admin/auth/login 200 in 6ms (next.js: 1530µs, application-code: 5ms)
 GET /devices/compute-config 200 in 40ms (next.js: 6ms, application-code: 34ms)
 POST /api/admin/auth/login 200 in 8ms (next.js: 1962µs, application-code: 6ms)
 GET /devices/compute-config 200 in 37ms (next.js: 8ms, application-code: 29ms)
 POST /api/admin/auth/login 200 in 8ms (next.js: 1461µs, application-code: 7ms)
 GET /devices/compute-config 200 in 271ms (next.js: 225ms, application-code: 46ms)
 GET /devices/compute-config 200 in 146ms (next.js: 8ms, application-code: 138ms)
 GET /devices/compute-config 200 in 38ms (next.js: 6ms, application-code: 32ms)
 POST /api/admin/auth/login 200 in 472ms (next.js: 457ms, application-code: 15ms)
 GET /devices/compute-config 200 in 171ms (next.js: 91ms, application-code: 81ms)
 GET /devices/compute-config 200 in 33ms (next.js: 3ms, application-code: 29ms)
 GET /platform/rbac 200 in 182ms (next.js: 7ms, application-code: 175ms)
 GET / 200 in 55ms (next.js: 19ms, application-code: 36ms)
 GET / 200 in 24ms (next.js: 1644µs, application-code: 22ms)
 GET / 200 in 24ms (next.js: 1704µs, application-code: 22ms)
 GET / 200 in 23ms (next.js: 1350µs, application-code: 22ms)
 GET / 200 in 27ms (next.js: 1302µs, application-code: 26ms)
 GET / 200 in 30ms (next.js: 1650µs, application-code: 28ms)
 GET / 200 in 27ms (next.js: 2ms, application-code: 25ms)
 GET / 200 in 29ms (next.js: 3ms, application-code: 26ms)
 GET /overview/dual-ledger 200 in 896ms (next.js: 743ms, application-code: 153ms)
 GET /overview/dual-ledger 200 in 46ms (next.js: 3ms, application-code: 43ms)
 GET /devices/compute-config 200 in 159ms (next.js: 66ms, application-code: 93ms)
 GET /overview/dual-ledger 200 in 25ms (next.js: 1659µs, application-code: 23ms)
 GET /finance/withdrawals 200 in 736ms (next.js: 578ms, application-code: 158ms)
 GET /finance/withdrawals 200 in 31ms (next.js: 2ms, application-code: 29ms)
 GET /finance/withdrawals 200 in 38ms (next.js: 2ms, application-code: 36ms)
 GET /finance/withdrawals 200 in 32ms (next.js: 2ms, application-code: 30ms)
 GET /finance/withdrawals 200 in 33ms (next.js: 2ms, application-code: 31ms)
 GET /users/search/U-88421 200 in 741ms (next.js: 592ms, application-code: 149ms)
 GET /users/search 200 in 644ms (next.js: 526ms, application-code: 118ms)
 GET /users/search 200 in 26ms (next.js: 2ms, application-code: 24ms)
 GET /users/search 200 in 30ms (next.js: 4ms, application-code: 26ms)
 GET /users/search 200 in 23ms (next.js: 1600µs, application-code: 21ms)
 GET /users/search 200 in 27ms (next.js: 2ms, application-code: 25ms)
 GET /users/actions 200 in 136ms (next.js: 102ms, application-code: 34ms)
 GET /users/actions 200 in 32ms (next.js: 1844µs, application-code: 30ms)
 GET /users/actions 200 in 30ms (next.js: 1507µs, application-code: 28ms)
 GET /users/assets 200 in 27ms (next.js: 4ms, application-code: 24ms)
 GET /users/assets 200 in 26ms (next.js: 1814µs, application-code: 25ms)
 GET /users/assets 200 in 31ms (next.js: 2ms, application-code: 29ms)
 GET /users/kyc 200 in 26ms (next.js: 1551µs, application-code: 24ms)
 GET /users/kyc 200 in 29ms (next.js: 1800µs, application-code: 27ms)
 GET /users/security 200 in 41ms (next.js: 2ms, application-code: 39ms)
 GET /users/security 200 in 31ms (next.js: 8ms, application-code: 23ms)
 GET /users/reg-risk 200 in 26ms (next.js: 1805µs, application-code: 24ms)
 GET /users/reg-risk 200 in 26ms (next.js: 1426µs, application-code: 24ms)
 GET /users/search/U-88421 200 in 75ms (next.js: 21ms, application-code: 54ms)
 GET /users/search/U-88421 200 in 29ms (next.js: 1502µs, application-code: 27ms)
 GET /users/search/U-88421 200 in 30ms (next.js: 1785µs, application-code: 28ms)
 GET /users/search/U-88421 200 in 28ms (next.js: 2ms, application-code: 26ms)
 GET /users/search/U-88421 200 in 30ms (next.js: 1942µs, application-code: 29ms)
 GET /users/search/U-88421 200 in 28ms (next.js: 3ms, application-code: 26ms)
 GET /users/search/U-88421 200 in 24ms (next.js: 1733µs, application-code: 23ms)
 GET /users/search/U-88421 200 in 45ms (next.js: 7ms, application-code: 38ms)
 GET /users/search/U-88421 200 in 30ms (next.js: 3ms, application-code: 27ms)
 GET /users/search/U-88421 200 in 34ms (next.js: 3ms, application-code: 30ms)
 GET /users/search/U-88421 200 in 27ms (next.js: 1632µs, application-code: 26ms)
 GET /users/search/U-88421 200 in 28ms (next.js: 2ms, application-code: 26ms)
 GET /users/search/U-88421 200 in 24ms (next.js: 1608µs, application-code: 23ms)
 GET /users/search/U-88421 200 in 28ms (next.js: 3ms, application-code: 25ms)
 GET /users/search/U-88421 200 in 30ms (next.js: 7ms, application-code: 23ms)
 GET /platform/rbac 200 in 30ms (next.js: 7ms, application-code: 23ms)
 GET /platform/rbac 200 in 31ms (next.js: 1573µs, application-code: 30ms)
 GET /platform/rbac 200 in 33ms (next.js: 1621µs, application-code: 31ms)
 GET /platform/rbac 200 in 37ms (next.js: 1693µs, application-code: 35ms)
 GET /platform/audit 200 in 28ms (next.js: 1785µs, application-code: 26ms)
 GET /platform/audit 200 in 32ms (next.js: 2ms, application-code: 30ms)
 GET /platform/audit 200 in 29ms (next.js: 3ms, application-code: 27ms)
 GET /platform/audit 200 in 26ms (next.js: 1834µs, application-code: 24ms)
 GET /platform/config 200 in 28ms (next.js: 1780µs, application-code: 26ms)
 GET /platform/config 200 in 32ms (next.js: 6ms, application-code: 26ms)
 GET /platform/config 200 in 31ms (next.js: 2ms, application-code: 29ms)
 GET /platform/config 200 in 27ms (next.js: 1785µs, application-code: 25ms)
 GET /platform/events 200 in 28ms (next.js: 1609µs, application-code: 26ms)
 GET /platform/events 200 in 31ms (next.js: 1563µs, application-code: 30ms)
 GET /platform/events 200 in 35ms (next.js: 2ms, application-code: 33ms)
 GET /platform/events 200 in 36ms (next.js: 1686µs, application-code: 34ms)
 GET /content/copy-ab 200 in 26ms (next.js: 1935µs, application-code: 24ms)
 GET /content/copy-ab 200 in 30ms (next.js: 4ms, application-code: 26ms)
 GET /content/copy-ab 200 in 29ms (next.js: 7ms, application-code: 23ms)
 GET /content/nova 200 in 35ms (next.js: 1777µs, application-code: 34ms)
 GET /content/nova 200 in 30ms (next.js: 1784µs, application-code: 28ms)
 GET /content/nova 200 in 34ms (next.js: 2ms, application-code: 32ms)
 GET /content/notifications 200 in 45ms (next.js: 1608µs, application-code: 44ms)
 GET /content/notifications 200 in 28ms (next.js: 2ms, application-code: 26ms)
 GET /content/notifications 200 in 30ms (next.js: 2ms, application-code: 28ms)
 GET /content/trust 200 in 30ms (next.js: 3ms, application-code: 27ms)
 GET /content/trust 200 in 23ms (next.js: 1643µs, application-code: 22ms)
 GET /content/trust 200 in 34ms (next.js: 5ms, application-code: 29ms)
 GET /content/trust 200 in 32ms (next.js: 2ms, application-code: 29ms)
 GET /content/i18n 200 in 27ms (next.js: 1910µs, application-code: 25ms)
 GET /content/i18n 200 in 32ms (next.js: 1737µs, application-code: 30ms)
 GET /content/i18n 200 in 29ms (next.js: 1863µs, application-code: 27ms)
 GET /content/i18n 200 in 29ms (next.js: 1671µs, application-code: 27ms)
 GET /service/overview 200 in 31ms (next.js: 1827µs, application-code: 29ms)
 GET /service/overview 200 in 29ms (next.js: 1671µs, application-code: 27ms)
 GET /service/tickets 200 in 30ms (next.js: 1805µs, application-code: 28ms)
 GET /service/tickets 200 in 39ms (next.js: 7ms, application-code: 32ms)
 GET /service/sessions 200 in 33ms (next.js: 1796µs, application-code: 31ms)
 GET /service/sessions 200 in 48ms (next.js: 5ms, application-code: 43ms)
 GET /service/sessions 200 in 33ms (next.js: 1706µs, application-code: 32ms)
 GET /service/kb-sla 200 in 27ms (next.js: 1972µs, application-code: 25ms)
 GET /service/kb-sla 200 in 34ms (next.js: 1909µs, application-code: 32ms)
 GET /service/scripts 200 in 43ms (next.js: 1702µs, application-code: 42ms)
 GET /service/scripts 200 in 42ms (next.js: 3ms, application-code: 40ms)
 GET /platform/params-registry 200 in 1239ms (next.js: 950ms, application-code: 289ms)
 GET /platform/params-registry 200 in 166ms (next.js: 1814µs, application-code: 164ms)
 GET /platform/params-registry 200 in 199ms (next.js: 2ms, application-code: 197ms)
 GET /finance/params 200 in 729ms (next.js: 587ms, application-code: 142ms)
 GET /finance/params 200 in 36ms (next.js: 1792µs, application-code: 34ms)
 GET /finance/params 200 in 39ms (next.js: 1718µs, application-code: 37ms)
 GET /finance/params 200 in 35ms (next.js: 2ms, application-code: 33ms)
 GET / 200 in 53ms (next.js: 17ms, application-code: 36ms)
 GET /finance/recon 200 in 85ms (next.js: 55ms, application-code: 30ms)
 GET /finance/recon 200 in 26ms (next.js: 1558µs, application-code: 25ms)
 GET /overview/dual-ledger 200 in 51ms (next.js: 16ms, application-code: 34ms)
 GET /finance/withdrawals 200 in 122ms (next.js: 97ms, application-code: 25ms)
 GET /finance/withdrawals 200 in 26ms (next.js: 2ms, application-code: 24ms)
 GET /overview/dual-ledger 200 in 26ms (next.js: 1606µs, application-code: 24ms)
 GET /overview/dual-ledger 200 in 25ms (next.js: 1603µs, application-code: 24ms)
 GET /overview/dual-ledger 200 in 23ms (next.js: 1733µs, application-code: 22ms)
 GET / 200 in 21ms (next.js: 1603µs, application-code: 20ms)
 GET /finance/withdrawals 200 in 23ms (next.js: 1538µs, application-code: 21ms)
 GET /finance/withdrawals 200 in 27ms (next.js: 2ms, application-code: 24ms)
 GET / 200 in 22ms (next.js: 1807µs, application-code: 21ms)
 GET / 200 in 24ms (next.js: 3ms, application-code: 21ms)
 GET /platform/rbac 200 in 34ms (next.js: 6ms, application-code: 28ms)
 GET /overview/liquidity 200 in 616ms (next.js: 490ms, application-code: 126ms)
 GET /network/royalty 200 in 103ms (next.js: 55ms, application-code: 48ms)
 GET /devices/pricing 200 in 29ms (next.js: 1895µs, application-code: 28ms)
 GET /finance-products/staking 200 in 23ms (next.js: 1307µs, application-code: 22ms)
 GET /risk/multi-account 200 in 24ms (next.js: 1496µs, application-code: 22ms)
 GET /risk/abuse 200 in 26ms (next.js: 3ms, application-code: 23ms)
 GET /risk/withdrawal-rules 200 in 26ms (next.js: 1941µs, application-code: 24ms)
 GET /risk/scoring 200 in 25ms (next.js: 1672µs, application-code: 23ms)
 GET /risk/kyc-review 200 in 28ms (next.js: 1974µs, application-code: 26ms)
 GET /risk/janus-c2 200 in 31ms (next.js: 6ms, application-code: 25ms)
 GET /finance/recon 200 in 30ms (next.js: 1550µs, application-code: 29ms)
 GET /finance/recon 200 in 25ms (next.js: 1484µs, application-code: 24ms)
 GET /finance/pool 200 in 35ms (next.js: 1993µs, application-code: 33ms)
 GET /finance/pool 200 in 32ms (next.js: 1870µs, application-code: 30ms)
 GET /finance/ledger 200 in 26ms (next.js: 1955µs, application-code: 24ms)
 GET /finance/ledger 200 in 27ms (next.js: 3ms, application-code: 23ms)
 GET /finance-products/staking 200 in 29ms (next.js: 1883µs, application-code: 27ms)
 GET /finance-products/staking 200 in 31ms (next.js: 2ms, application-code: 29ms)
 GET /finance-products/exchange 200 in 29ms (next.js: 6ms, application-code: 23ms)
 GET /finance-products/exchange 200 in 25ms (next.js: 1615µs, application-code: 23ms)
 GET /finance-products/market 200 in 25ms (next.js: 1443µs, application-code: 24ms)
 GET /finance-products/market 200 in 25ms (next.js: 1452µs, application-code: 23ms)
 GET /finance-products/market 200 in 24ms (next.js: 2ms, application-code: 22ms)
 GET /finance-products/genesis 200 in 28ms (next.js: 3ms, application-code: 25ms)
 GET /finance-products/genesis 200 in 43ms (next.js: 4ms, application-code: 40ms)
 GET /finance-products/repurchase 200 in 26ms (next.js: 1622µs, application-code: 25ms)
 GET /devices/compute-config 200 in 41ms (next.js: 7ms, application-code: 33ms)
 GET /platform/rbac 200 in 35ms (next.js: 9ms, application-code: 26ms)
 GET / 200 in 62ms (next.js: 19ms, application-code: 43ms)
 GET / 200 in 29ms (next.js: 1774µs, application-code: 27ms)
 GET / 200 in 31ms (next.js: 1758µs, application-code: 29ms)
 GET / 200 in 28ms (next.js: 1837µs, application-code: 26ms)
 GET / 200 in 30ms (next.js: 1956µs, application-code: 28ms)
 GET / 200 in 28ms (next.js: 5ms, application-code: 23ms)
 GET / 200 in 24ms (next.js: 2ms, application-code: 22ms)
 GET / 200 in 25ms (next.js: 1927µs, application-code: 23ms)
 GET /overview/dual-ledger 200 in 83ms (next.js: 20ms, application-code: 63ms)
 GET /overview/dual-ledger 200 in 26ms (next.js: 2ms, application-code: 24ms)
 GET /overview/dual-ledger 200 in 34ms (next.js: 2ms, application-code: 32ms)
 GET /finance/withdrawals 200 in 161ms (next.js: 121ms, application-code: 40ms)
 GET /finance/withdrawals 200 in 32ms (next.js: 1853µs, application-code: 30ms)
 GET /finance/withdrawals 200 in 31ms (next.js: 1795µs, application-code: 29ms)
 GET /finance/withdrawals 200 in 32ms (next.js: 1982µs, application-code: 30ms)
 GET /finance/withdrawals 200 in 35ms (next.js: 1819µs, application-code: 34ms)
 GET /users/search/U-88421 200 in 77ms (next.js: 25ms, application-code: 52ms)
 GET /users/search 200 in 164ms (next.js: 129ms, application-code: 35ms)
 GET /users/search 200 in 32ms (next.js: 1641µs, application-code: 31ms)
 GET /users/search 200 in 33ms (next.js: 5ms, application-code: 28ms)
 GET /users/search 200 in 34ms (next.js: 2ms, application-code: 32ms)
 GET /users/search 200 in 26ms (next.js: 1940µs, application-code: 24ms)
 GET /users/actions 200 in 37ms (next.js: 6ms, application-code: 31ms)
 GET /users/actions 200 in 36ms (next.js: 2ms, application-code: 34ms)
 GET /users/actions 200 in 40ms (next.js: 2ms, application-code: 38ms)
 GET /users/assets 200 in 30ms (next.js: 1806µs, application-code: 29ms)
 GET /users/assets 200 in 35ms (next.js: 1991µs, application-code: 33ms)
 GET /users/assets 200 in 33ms (next.js: 1891µs, application-code: 31ms)
 GET /users/kyc 200 in 33ms (next.js: 3ms, application-code: 30ms)
 GET /users/kyc 200 in 35ms (next.js: 1788µs, application-code: 33ms)
 GET /users/security 200 in 37ms (next.js: 8ms, application-code: 29ms)
 GET /users/security 200 in 35ms (next.js: 1736µs, application-code: 33ms)
 GET /users/reg-risk 200 in 35ms (next.js: 1749µs, application-code: 33ms)
 GET /users/reg-risk 200 in 35ms (next.js: 1839µs, application-code: 33ms)
 GET /users/search/U-88421 200 in 34ms (next.js: 7ms, application-code: 27ms)
 GET /users/search/U-88421 200 in 27ms (next.js: 1855µs, application-code: 26ms)
 GET /users/search/U-88421 200 in 31ms (next.js: 4ms, application-code: 26ms)
 GET /users/search/U-88421 200 in 39ms (next.js: 1967µs, application-code: 37ms)
 GET /users/search/U-88421 200 in 31ms (next.js: 2ms, application-code: 29ms)
 GET /users/search/U-88421 200 in 31ms (next.js: 2ms, application-code: 29ms)
 GET /users/search/U-88421 200 in 30ms (next.js: 1835µs, application-code: 28ms)
 GET /users/search/U-88421 200 in 34ms (next.js: 9ms, application-code: 25ms)
 GET /users/search/U-88421 200 in 31ms (next.js: 2ms, application-code: 29ms)
 GET /users/search/U-88421 200 in 31ms (next.js: 2ms, application-code: 29ms)
 GET /users/search/U-88421 200 in 34ms (next.js: 1917µs, application-code: 33ms)
 GET /users/search/U-88421 200 in 34ms (next.js: 2ms, application-code: 32ms)
 GET /users/search/U-88421 200 in 30ms (next.js: 1944µs, application-code: 28ms)
 GET /users/search/U-88421 200 in 30ms (next.js: 1934µs, application-code: 28ms)
 GET /users/search/U-88421 200 in 73ms (next.js: 28ms, application-code: 45ms)
 GET /platform/rbac 200 in 33ms (next.js: 6ms, application-code: 27ms)
 GET /platform/rbac 200 in 34ms (next.js: 1740µs, application-code: 32ms)
 GET /platform/rbac 200 in 33ms (next.js: 1821µs, application-code: 31ms)
 GET /platform/rbac 200 in 31ms (next.js: 1752µs, application-code: 29ms)
 GET /platform/audit 200 in 34ms (next.js: 1902µs, application-code: 32ms)
 GET /platform/audit 200 in 30ms (next.js: 1864µs, application-code: 28ms)
 GET /platform/audit 200 in 30ms (next.js: 4ms, application-code: 25ms)
 GET /platform/audit 200 in 33ms (next.js: 8ms, application-code: 25ms)
 GET /platform/config 200 in 26ms (next.js: 1784µs, application-code: 24ms)
 GET /platform/config 200 in 30ms (next.js: 1809µs, application-code: 28ms)
 GET /platform/config 200 in 30ms (next.js: 1698µs, application-code: 28ms)
 GET /platform/config 200 in 45ms (next.js: 1967µs, application-code: 43ms)
 GET /platform/events 200 in 31ms (next.js: 1822µs, application-code: 29ms)
 GET /platform/events 200 in 28ms (next.js: 2ms, application-code: 26ms)
 GET /platform/events 200 in 34ms (next.js: 5ms, application-code: 29ms)
 GET /platform/events 200 in 39ms (next.js: 9ms, application-code: 30ms)
 GET /content/copy-ab 200 in 31ms (next.js: 5ms, application-code: 27ms)
 GET /content/copy-ab 200 in 32ms (next.js: 1677µs, application-code: 30ms)
 GET /content/copy-ab 200 in 33ms (next.js: 1849µs, application-code: 32ms)
 GET /content/nova 200 in 35ms (next.js: 1899µs, application-code: 33ms)
 GET /content/nova 200 in 33ms (next.js: 4ms, application-code: 29ms)
 GET /content/nova 200 in 32ms (next.js: 1664µs, application-code: 30ms)
 GET /content/notifications 200 in 33ms (next.js: 1859µs, application-code: 31ms)
 GET /content/notifications 200 in 42ms (next.js: 9ms, application-code: 33ms)
 GET /content/notifications 200 in 35ms (next.js: 1820µs, application-code: 33ms)
 GET /content/trust 200 in 36ms (next.js: 1662µs, application-code: 34ms)
 GET /content/trust 200 in 31ms (next.js: 4ms, application-code: 27ms)
 GET /content/trust 200 in 33ms (next.js: 4ms, application-code: 29ms)
 GET /content/trust 200 in 35ms (next.js: 2ms, application-code: 33ms)
 GET /content/i18n 200 in 32ms (next.js: 1783µs, application-code: 30ms)
 GET /content/i18n 200 in 36ms (next.js: 1842µs, application-code: 34ms)
 GET /content/i18n 200 in 52ms (next.js: 18ms, application-code: 34ms)
 GET /content/i18n 200 in 37ms (next.js: 4ms, application-code: 33ms)
 GET /service/overview 200 in 41ms (next.js: 1910µs, application-code: 39ms)
 GET /service/overview 200 in 51ms (next.js: 3ms, application-code: 48ms)
 GET /service/tickets 200 in 69ms (next.js: 2ms, application-code: 67ms)
 GET /service/tickets 200 in 31ms (next.js: 2ms, application-code: 29ms)
 GET /service/sessions 200 in 31ms (next.js: 2ms, application-code: 28ms)
 GET /service/sessions 200 in 34ms (next.js: 2ms, application-code: 32ms)
 GET /service/sessions 200 in 41ms (next.js: 9ms, application-code: 32ms)
 GET /service/kb-sla 200 in 36ms (next.js: 2ms, application-code: 34ms)
 GET /service/kb-sla 200 in 33ms (next.js: 1823µs, application-code: 31ms)
 GET /service/scripts 200 in 37ms (next.js: 3ms, application-code: 35ms)
 GET /service/scripts 200 in 41ms (next.js: 4ms, application-code: 38ms)
 GET /platform/params-registry 200 in 325ms (next.js: 16ms, application-code: 309ms)
 GET /platform/params-registry 200 in 285ms (next.js: 3ms, application-code: 283ms)
 GET /platform/params-registry 200 in 265ms (next.js: 2ms, application-code: 263ms)
 GET /finance/params 200 in 149ms (next.js: 100ms, application-code: 50ms)
 GET /finance/params 200 in 28ms (next.js: 1854µs, application-code: 26ms)
 GET /finance/params 200 in 32ms (next.js: 2ms, application-code: 30ms)
 GET /finance/params 200 in 33ms (next.js: 5ms, application-code: 28ms)
 GET / 200 in 32ms (next.js: 3ms, application-code: 29ms)
 GET /finance/recon 200 in 36ms (next.js: 6ms, application-code: 30ms)
 GET /finance/recon 200 in 35ms (next.js: 2ms, application-code: 32ms)
 GET /overview/dual-ledger 200 in 40ms (next.js: 4ms, application-code: 36ms)
 GET /finance/withdrawals 200 in 33ms (next.js: 1812µs, application-code: 31ms)
 GET /finance/withdrawals 200 in 30ms (next.js: 1748µs, application-code: 28ms)
 GET /overview/dual-ledger 200 in 37ms (next.js: 2ms, application-code: 35ms)
 GET /overview/dual-ledger 200 in 32ms (next.js: 1989µs, application-code: 30ms)
 GET /overview/dual-ledger 200 in 31ms (next.js: 4ms, application-code: 27ms)
 GET / 200 in 33ms (next.js: 1906µs, application-code: 31ms)
 GET /finance/withdrawals 200 in 35ms (next.js: 3ms, application-code: 32ms)
 GET /finance/withdrawals 200 in 39ms (next.js: 2ms, application-code: 36ms)
 GET / 200 in 27ms (next.js: 1989µs, application-code: 25ms)
 GET / 200 in 35ms (next.js: 3ms, application-code: 32ms)
 GET /platform/rbac 200 in 36ms (next.js: 9ms, application-code: 27ms)
 GET /overview/liquidity 200 in 34ms (next.js: 3ms, application-code: 32ms)
 GET /network/royalty 200 in 33ms (next.js: 1924µs, application-code: 31ms)
 GET /devices/pricing 200 in 34ms (next.js: 2ms, application-code: 32ms)
 GET /finance-products/staking 200 in 37ms (next.js: 3ms, application-code: 34ms)
 GET /risk/multi-account 200 in 38ms (next.js: 3ms, application-code: 35ms)
 GET /risk/abuse 200 in 32ms (next.js: 2ms, application-code: 30ms)
 GET /risk/withdrawal-rules 200 in 37ms (next.js: 3ms, application-code: 33ms)
 GET /risk/scoring 200 in 38ms (next.js: 6ms, application-code: 33ms)
 GET /risk/kyc-review 200 in 41ms (next.js: 1730µs, application-code: 39ms)
 GET /risk/janus-c2 200 in 37ms (next.js: 3ms, application-code: 34ms)
 GET /finance/recon 200 in 39ms (next.js: 2ms, application-code: 36ms)
 GET /finance/recon 200 in 34ms (next.js: 2ms, application-code: 31ms)
 GET /finance/pool 200 in 35ms (next.js: 4ms, application-code: 31ms)
 GET /finance/pool 200 in 47ms (next.js: 1875µs, application-code: 45ms)
 GET /finance/ledger 200 in 30ms (next.js: 1792µs, application-code: 28ms)
 GET /finance/ledger 200 in 53ms (next.js: 2ms, application-code: 51ms)
 GET /finance-products/staking 200 in 50ms (next.js: 20ms, application-code: 29ms)
 GET /finance-products/staking 200 in 37ms (next.js: 1894µs, application-code: 36ms)
 GET /finance-products/exchange 200 in 36ms (next.js: 3ms, application-code: 34ms)
 GET /finance-products/exchange 200 in 34ms (next.js: 2ms, application-code: 31ms)
 GET /finance-products/market 200 in 32ms (next.js: 3ms, application-code: 30ms)
 GET /finance-products/market 200 in 38ms (next.js: 2ms, application-code: 35ms)
 GET /finance-products/market 200 in 36ms (next.js: 3ms, application-code: 34ms)
 GET /finance-products/genesis 200 in 31ms (next.js: 1861µs, application-code: 29ms)
 GET /finance-products/genesis 200 in 42ms (next.js: 9ms, application-code: 33ms)
 GET /finance-products/repurchase 200 in 40ms (next.js: 2ms, application-code: 38ms)
 GET / 200 in 33ms (next.js: 4ms, application-code: 29ms)
 GET /devices/compute-config 200 in 34ms (next.js: 7ms, application-code: 27ms)
 GET /favicon.ico 200 in 1046ms (next.js: 1019ms, application-code: 27ms)
 POST /api/admin/auth/login 200 in 402ms (next.js: 376ms, application-code: 25ms)
 GET /finance-products/staking 200 in 437ms (next.js: 164ms, application-code: 273ms)
 GET /finance-products/staking 200 in 39ms (next.js: 7ms, application-code: 33ms)
 GET /platform/params-registry 200 in 782ms (next.js: 362ms, application-code: 420ms)
 GET /finance-products/staking 200 in 152ms (next.js: 119ms, application-code: 33ms)
 GET /finance-products/staking 200 in 36ms (next.js: 5ms, application-code: 31ms)
 GET /devices/compute-config 200 in 35ms (next.js: 14ms, application-code: 21ms)
 GET /devices/compute-config 200 in 27ms (next.js: 7ms, application-code: 20ms)
 GET /platform/rbac 200 in 50ms (next.js: 8ms, application-code: 42ms)
 GET / 200 in 61ms (next.js: 18ms, application-code: 44ms)
 GET / 200 in 30ms (next.js: 3ms, application-code: 27ms)
 GET / 200 in 31ms (next.js: 1993µs, application-code: 29ms)
 GET / 200 in 30ms (next.js: 2ms, application-code: 27ms)
 GET / 200 in 27ms (next.js: 1806µs, application-code: 25ms)
 GET / 200 in 27ms (next.js: 1818µs, application-code: 25ms)
 GET / 200 in 27ms (next.js: 2ms, application-code: 25ms)
 GET / 200 in 28ms (next.js: 2ms, application-code: 26ms)
 GET /overview/dual-ledger 200 in 565ms (next.js: 410ms, application-code: 155ms)
 GET /overview/dual-ledger 200 in 24ms (next.js: 2ms, application-code: 22ms)
 GET /overview/dual-ledger 200 in 24ms (next.js: 2ms, application-code: 22ms)
 GET /finance/withdrawals 200 in 772ms (next.js: 630ms, application-code: 141ms)
 GET /finance/withdrawals 200 in 25ms (next.js: 1933µs, application-code: 23ms)
 GET /finance/withdrawals 200 in 26ms (next.js: 2ms, application-code: 24ms)
 GET /finance/withdrawals 200 in 27ms (next.js: 4ms, application-code: 24ms)
 GET /finance/withdrawals 200 in 27ms (next.js: 1806µs, application-code: 25ms)
 GET /users/search/U-88421 200 in 796ms (next.js: 636ms, application-code: 160ms)
 GET /users/search 200 in 1428ms (next.js: 1297ms, application-code: 131ms)
 GET /users/search 200 in 26ms (next.js: 2ms, application-code: 23ms)
 GET /users/search 200 in 27ms (next.js: 3ms, application-code: 24ms)
 GET /users/search 200 in 29ms (next.js: 1818µs, application-code: 27ms)
 GET /users/search 200 in 39ms (next.js: 2ms, application-code: 37ms)
 GET /users/actions 200 in 167ms (next.js: 124ms, application-code: 43ms)
 GET /users/actions 200 in 34ms (next.js: 3ms, application-code: 31ms)
 GET /users/actions 200 in 31ms (next.js: 2ms, application-code: 29ms)
 GET /users/assets 200 in 29ms (next.js: 1295µs, application-code: 28ms)
 GET /users/assets 200 in 31ms (next.js: 1917µs, application-code: 29ms)
 GET /users/assets 200 in 25ms (next.js: 1936µs, application-code: 23ms)
 GET /users/kyc 200 in 27ms (next.js: 1559µs, application-code: 26ms)
 GET /users/kyc 200 in 32ms (next.js: 3ms, application-code: 29ms)
 GET /users/security 200 in 31ms (next.js: 1601µs, application-code: 29ms)
 GET /users/security 200 in 33ms (next.js: 5ms, application-code: 28ms)
 GET /users/reg-risk 200 in 43ms (next.js: 1616µs, application-code: 41ms)
 GET /users/reg-risk 200 in 31ms (next.js: 3ms, application-code: 28ms)
 GET /users/search/U-88421 200 in 59ms (next.js: 15ms, application-code: 44ms)
 GET /users/search/U-88421 200 in 33ms (next.js: 1614µs, application-code: 31ms)
 GET /users/search/U-88421 200 in 38ms (next.js: 2ms, application-code: 35ms)
 GET /users/search/U-88421 200 in 33ms (next.js: 2ms, application-code: 31ms)
 GET /users/search/U-88421 200 in 32ms (next.js: 3ms, application-code: 30ms)
 GET /users/search/U-88421 200 in 36ms (next.js: 4ms, application-code: 32ms)
 GET /users/search/U-88421 200 in 30ms (next.js: 1847µs, application-code: 28ms)
 GET /users/search/U-88421 200 in 31ms (next.js: 7ms, application-code: 24ms)
 GET /users/search/U-88421 200 in 32ms (next.js: 2ms, application-code: 30ms)
 GET /users/search/U-88421 200 in 49ms (next.js: 1427µs, application-code: 48ms)
 GET /users/search/U-88421 200 in 33ms (next.js: 2ms, application-code: 31ms)
 GET /users/search/U-88421 200 in 36ms (next.js: 3ms, application-code: 33ms)
 GET /users/search/U-88421 200 in 30ms (next.js: 2ms, application-code: 28ms)
 GET /users/search/U-88421 200 in 29ms (next.js: 1781µs, application-code: 27ms)
 GET /users/search/U-88421 200 in 33ms (next.js: 6ms, application-code: 27ms)
 GET /platform/rbac 200 in 46ms (next.js: 20ms, application-code: 25ms)
 GET /platform/rbac 200 in 27ms (next.js: 1428µs, application-code: 26ms)
 GET /platform/rbac 200 in 26ms (next.js: 2ms, application-code: 24ms)
 GET /platform/rbac 200 in 26ms (next.js: 1738µs, application-code: 24ms)
 GET /platform/audit 200 in 23ms (next.js: 1322µs, application-code: 22ms)
 GET /platform/audit 200 in 26ms (next.js: 2ms, application-code: 23ms)
 GET /platform/audit 200 in 27ms (next.js: 2ms, application-code: 24ms)
 GET /platform/audit 200 in 28ms (next.js: 1457µs, application-code: 27ms)
 GET /platform/config 200 in 43ms (next.js: 17ms, application-code: 26ms)
 GET /platform/config 200 in 25ms (next.js: 1535µs, application-code: 24ms)
 GET /platform/config 200 in 27ms (next.js: 3ms, application-code: 24ms)
 GET /platform/config 200 in 34ms (next.js: 1567µs, application-code: 33ms)
 GET /platform/events 200 in 28ms (next.js: 1754µs, application-code: 26ms)
 GET /platform/events 200 in 29ms (next.js: 3ms, application-code: 27ms)
 GET /platform/events 200 in 30ms (next.js: 1826µs, application-code: 28ms)
 GET /platform/events 200 in 32ms (next.js: 1609µs, application-code: 30ms)
 GET /content/copy-ab 200 in 35ms (next.js: 3ms, application-code: 32ms)
 GET /content/copy-ab 200 in 48ms (next.js: 7ms, application-code: 41ms)
 GET /content/copy-ab 200 in 29ms (next.js: 2ms, application-code: 27ms)
 GET /content/nova 200 in 32ms (next.js: 2ms, application-code: 29ms)
 GET /content/nova 200 in 29ms (next.js: 1489µs, application-code: 27ms)
 GET /content/nova 200 in 28ms (next.js: 1603µs, application-code: 27ms)
 GET /content/notifications 200 in 28ms (next.js: 4ms, application-code: 24ms)
 GET /content/notifications 200 in 27ms (next.js: 1504µs, application-code: 25ms)
 GET /content/notifications 200 in 29ms (next.js: 1964µs, application-code: 27ms)
 GET /content/trust 200 in 27ms (next.js: 1846µs, application-code: 26ms)
 GET /content/trust 200 in 32ms (next.js: 7ms, application-code: 25ms)
 GET /content/trust 200 in 27ms (next.js: 1388µs, application-code: 25ms)
 GET /content/trust 200 in 29ms (next.js: 1840µs, application-code: 28ms)
 GET /content/i18n 200 in 36ms (next.js: 1505µs, application-code: 35ms)
 GET /content/i18n 200 in 25ms (next.js: 1724µs, application-code: 23ms)
 GET /content/i18n 200 in 28ms (next.js: 1535µs, application-code: 27ms)
 GET /content/i18n 200 in 28ms (next.js: 1687µs, application-code: 27ms)
 GET /service/overview 200 in 27ms (next.js: 3ms, application-code: 24ms)
 GET /service/overview 200 in 26ms (next.js: 1968µs, application-code: 24ms)
 GET /service/tickets 200 in 32ms (next.js: 7ms, application-code: 25ms)
 GET /service/tickets 200 in 25ms (next.js: 2ms, application-code: 23ms)
 GET /service/sessions 200 in 26ms (next.js: 1486µs, application-code: 25ms)
 GET /service/sessions 200 in 30ms (next.js: 1593µs, application-code: 28ms)
 GET /service/sessions 200 in 32ms (next.js: 1542µs, application-code: 30ms)
 GET /service/kb-sla 200 in 32ms (next.js: 3ms, application-code: 29ms)
 GET /service/kb-sla 200 in 39ms (next.js: 2ms, application-code: 37ms)
 GET /service/scripts 200 in 26ms (next.js: 1325µs, application-code: 25ms)
 GET /service/scripts 200 in 27ms (next.js: 1568µs, application-code: 26ms)
 GET /platform/params-registry 200 in 213ms (next.js: 15ms, application-code: 199ms)
 GET /platform/params-registry 200 in 184ms (next.js: 1659µs, application-code: 182ms)
 GET /platform/params-registry 200 in 179ms (next.js: 1622µs, application-code: 177ms)
 GET /finance/params 200 in 680ms (next.js: 545ms, application-code: 135ms)
 GET /finance/params 200 in 30ms (next.js: 1919µs, application-code: 28ms)
 GET /finance/params 200 in 29ms (next.js: 2ms, application-code: 27ms)
 GET /finance/params 200 in 28ms (next.js: 1692µs, application-code: 26ms)
 GET / 200 in 55ms (next.js: 16ms, application-code: 39ms)
 GET /finance/recon 200 in 86ms (next.js: 53ms, application-code: 33ms)
 GET /finance/recon 200 in 32ms (next.js: 1541µs, application-code: 30ms)
 GET /overview/dual-ledger 200 in 76ms (next.js: 20ms, application-code: 56ms)
 GET /finance/withdrawals 200 in 159ms (next.js: 112ms, application-code: 47ms)
 GET /finance/withdrawals 200 in 37ms (next.js: 2ms, application-code: 35ms)
 GET /overview/dual-ledger 200 in 34ms (next.js: 2ms, application-code: 32ms)
 GET /overview/dual-ledger 200 in 33ms (next.js: 1780µs, application-code: 31ms)
 GET /overview/dual-ledger 200 in 43ms (next.js: 3ms, application-code: 39ms)
 GET / 200 in 22ms (next.js: 1607µs, application-code: 21ms)
 GET /finance/withdrawals 200 in 29ms (next.js: 4ms, application-code: 25ms)
 GET /finance/withdrawals 200 in 25ms (next.js: 1841µs, application-code: 23ms)
 GET / 200 in 24ms (next.js: 1944µs, application-code: 22ms)
 GET / 200 in 31ms (next.js: 1673µs, application-code: 29ms)
 GET /platform/rbac 200 in 35ms (next.js: 6ms, application-code: 29ms)
 GET /overview/liquidity 200 in 919ms (next.js: 806ms, application-code: 114ms)
 GET /network/royalty 200 in 96ms (next.js: 53ms, application-code: 43ms)
 GET /devices/pricing 200 in 33ms (next.js: 2ms, application-code: 31ms)
 GET /finance-products/staking 200 in 45ms (next.js: 2ms, application-code: 43ms)
 GET /risk/multi-account 200 in 32ms (next.js: 4ms, application-code: 28ms)
 GET /risk/abuse 200 in 27ms (next.js: 1651µs, application-code: 26ms)
 GET /risk/withdrawal-rules 200 in 34ms (next.js: 1623µs, application-code: 33ms)
 GET /risk/scoring 200 in 30ms (next.js: 2ms, application-code: 28ms)
 GET /risk/kyc-review 200 in 29ms (next.js: 4ms, application-code: 25ms)
 GET /risk/janus-c2 200 in 37ms (next.js: 6ms, application-code: 31ms)
 GET /finance/recon 200 in 36ms (next.js: 2ms, application-code: 34ms)
 GET /finance/recon 200 in 33ms (next.js: 1730µs, application-code: 31ms)
 GET /finance/pool 200 in 29ms (next.js: 1897µs, application-code: 27ms)
 GET /finance/pool 200 in 27ms (next.js: 2ms, application-code: 25ms)
 GET /finance/ledger 200 in 41ms (next.js: 1646µs, application-code: 39ms)
 GET /finance/ledger 200 in 27ms (next.js: 1843µs, application-code: 25ms)
 GET /finance-products/staking 200 in 32ms (next.js: 1571µs, application-code: 30ms)
 GET /finance-products/staking 200 in 31ms (next.js: 1811µs, application-code: 29ms)
 GET /finance-products/exchange 200 in 30ms (next.js: 5ms, application-code: 25ms)
 GET /finance-products/exchange 200 in 30ms (next.js: 1663µs, application-code: 29ms)
 GET /finance-products/market 200 in 26ms (next.js: 1785µs, application-code: 24ms)
 GET /finance-products/market 200 in 25ms (next.js: 1841µs, application-code: 24ms)
 GET /finance-products/market 200 in 25ms (next.js: 1558µs, application-code: 23ms)
 GET /finance-products/genesis 200 in 28ms (next.js: 2ms, application-code: 26ms)
 GET /finance-products/genesis 200 in 27ms (next.js: 1702µs, application-code: 25ms)
 GET /finance-products/repurchase 200 in 28ms (next.js: 1646µs, application-code: 27ms)
 GET /devices/compute-config 200 in 68ms (next.js: 9ms, application-code: 58ms)
 GET / 200 in 42ms (next.js: 12ms, application-code: 30ms)
 GET /favicon.ico 200 in 607ms (next.js: 592ms, application-code: 15ms)
 POST /api/admin/auth/login 200 in 536ms (next.js: 525ms, application-code: 12ms)
 GET /finance-products/staking 200 in 251ms (next.js: 87ms, application-code: 164ms)
 GET /finance-products/staking 200 in 33ms (next.js: 9ms, application-code: 25ms)
 GET /platform/params-registry 200 in 298ms (next.js: 12ms, application-code: 286ms)
 GET /finance-products/staking 200 in 45ms (next.js: 20ms, application-code: 24ms)
 GET /finance-products/staking 200 in 33ms (next.js: 5ms, application-code: 28ms)
 GET /devices/compute-config 200 in 36ms (next.js: 6ms, application-code: 29ms)
 GET /devices/compute-config 200 in 26ms (next.js: 7ms, application-code: 19ms)
 GET /devices/compute-config 200 in 56ms (next.js: 14ms, application-code: 42ms)
 GET /devices/compute-config 200 in 31ms (next.js: 9ms, application-code: 22ms)
 GET / 200 in 40ms (next.js: 9ms, application-code: 31ms)
 GET /devices/compute-config 200 in 43ms (next.js: 6ms, application-code: 37ms)
 GET /favicon.ico 200 in 14ms (next.js: 9ms, application-code: 5ms)
 POST /api/admin/auth/login 200 in 9ms (next.js: 1493µs, application-code: 8ms)
 GET /finance-products/staking 200 in 34ms (next.js: 6ms, application-code: 29ms)
 GET /finance-products/staking 200 in 52ms (next.js: 20ms, application-code: 32ms)
 GET /platform/params-registry 200 in 268ms (next.js: 1813µs, application-code: 266ms)
 GET /finance-products/staking 200 in 29ms (next.js: 6ms, application-code: 23ms)
 GET /finance-products/staking 200 in 34ms (next.js: 5ms, application-code: 28ms)
 GET /devices/compute-config 200 in 33ms (next.js: 7ms, application-code: 26ms)
 GET /devices/compute-config 200 in 287ms (next.js: 41ms, application-code: 246ms)
 GET /devices/compute-config 200 in 50ms (next.js: 3ms, application-code: 47ms)
 GET /devices/compute-config 200 in 29ms (next.js: 2ms, application-code: 26ms)
 GET /devices/compute-config 200 in 39ms (next.js: 5ms, application-code: 34ms)
 GET /devices/compute-config 200 in 23ms (next.js: 2ms, application-code: 21ms)
 GET /devices/compute-config 200 in 37ms (next.js: 3ms, application-code: 33ms)
 GET /devices/compute-config 200 in 31ms (next.js: 9ms, application-code: 22ms)
 GET /devices/compute-config 200 in 43ms (next.js: 3ms, application-code: 40ms)
 GET /devices/compute-config 200 in 32ms (next.js: 3ms, application-code: 30ms)
 GET /devices/compute-config 200 in 28ms (next.js: 8ms, application-code: 20ms)
 GET /devices/compute-config 200 in 55ms (next.js: 3ms, application-code: 53ms)
 GET /devices/compute-config 200 in 26ms (next.js: 4ms, application-code: 22ms)
 GET /devices/compute-config 200 in 46ms (next.js: 28ms, application-code: 18ms)
 GET /devices/compute-config 200 in 27ms (next.js: 3ms, application-code: 24ms)
 GET /devices/compute-config 200 in 23ms (next.js: 2ms, application-code: 21ms)
 GET /devices/compute-config 200 in 66ms (next.js: 8ms, application-code: 58ms)
 GET /devices/compute-config 200 in 301ms (next.js: 257ms, application-code: 44ms)
 GET /devices/compute-config 200 in 48ms (next.js: 9ms, application-code: 39ms)
 GET /devices/compute-config 200 in 28ms (next.js: 7ms, application-code: 21ms)
 GET /risk/janus-c2 200 in 23ms (next.js: 6ms, application-code: 17ms)
 GET /risk/janus-c2 200 in 243ms (next.js: 192ms, application-code: 51ms)
 GET /risk/janus-c2 200 in 66ms (next.js: 8ms, application-code: 58ms)
 GET /platform/rbac 200 in 159ms (next.js: 5ms, application-code: 153ms)
 GET / 200 in 60ms (next.js: 25ms, application-code: 35ms)
 GET / 200 in 23ms (next.js: 1327µs, application-code: 21ms)
 GET / 200 in 23ms (next.js: 1482µs, application-code: 21ms)
 GET / 200 in 22ms (next.js: 1347µs, application-code: 21ms)
 GET / 200 in 28ms (next.js: 1271µs, application-code: 26ms)
 GET / 200 in 22ms (next.js: 1257µs, application-code: 20ms)
 GET / 200 in 23ms (next.js: 1599µs, application-code: 21ms)
 GET / 200 in 22ms (next.js: 1412µs, application-code: 20ms)
 GET /overview/dual-ledger 200 in 702ms (next.js: 523ms, application-code: 178ms)
 GET /overview/dual-ledger 200 in 22ms (next.js: 1632µs, application-code: 20ms)
 GET /overview/dual-ledger 200 in 22ms (next.js: 3ms, application-code: 20ms)
 GET /finance/withdrawals 200 in 561ms (next.js: 448ms, application-code: 114ms)
 GET /finance/withdrawals 200 in 22ms (next.js: 1886µs, application-code: 20ms)
 GET /finance/withdrawals 200 in 22ms (next.js: 1739µs, application-code: 21ms)
 GET /finance/withdrawals 200 in 29ms (next.js: 1803µs, application-code: 28ms)
 GET /finance/withdrawals 200 in 31ms (next.js: 3ms, application-code: 28ms)
 GET /users/search/U-88421 200 in 790ms (next.js: 646ms, application-code: 144ms)
 GET /users/search 200 in 619ms (next.js: 483ms, application-code: 135ms)
 GET /users/search 200 in 25ms (next.js: 1612µs, application-code: 23ms)
 GET /users/search 200 in 24ms (next.js: 1699µs, application-code: 22ms)
 GET /users/search 200 in 24ms (next.js: 1595µs, application-code: 23ms)
 GET /users/search 200 in 32ms (next.js: 1677µs, application-code: 30ms)
 GET /users/actions 200 in 137ms (next.js: 99ms, application-code: 38ms)
 GET /users/actions 200 in 27ms (next.js: 1856µs, application-code: 25ms)
 GET /users/actions 200 in 24ms (next.js: 1844µs, application-code: 22ms)
 GET /users/assets 200 in 24ms (next.js: 1842µs, application-code: 22ms)
 GET /users/assets 200 in 24ms (next.js: 1575µs, application-code: 23ms)
 GET /users/assets 200 in 24ms (next.js: 1674µs, application-code: 22ms)
 GET /users/kyc 200 in 30ms (next.js: 6ms, application-code: 24ms)
 GET /users/kyc 200 in 32ms (next.js: 2ms, application-code: 30ms)
 GET /users/security 200 in 24ms (next.js: 3ms, application-code: 22ms)
 GET /users/security 200 in 24ms (next.js: 1911µs, application-code: 22ms)
 GET /users/reg-risk 200 in 24ms (next.js: 1669µs, application-code: 22ms)
 GET /users/reg-risk 200 in 26ms (next.js: 3ms, application-code: 23ms)
 GET /users/search/U-88421 200 in 56ms (next.js: 16ms, application-code: 40ms)
 GET /users/search/U-88421 200 in 26ms (next.js: 2ms, application-code: 24ms)
 GET /users/search/U-88421 200 in 25ms (next.js: 1991µs, application-code: 23ms)
 GET /users/search/U-88421 200 in 25ms (next.js: 2ms, application-code: 23ms)
 GET /users/search/U-88421 200 in 34ms (next.js: 2ms, application-code: 31ms)
 GET /users/search/U-88421 200 in 32ms (next.js: 2ms, application-code: 30ms)
 GET /users/search/U-88421 200 in 68ms (next.js: 40ms, application-code: 29ms)
 GET /users/search/U-88421 200 in 25ms (next.js: 1815µs, application-code: 23ms)
 GET /users/search/U-88421 200 in 38ms (next.js: 1862µs, application-code: 36ms)
 GET /users/search/U-88421 200 in 33ms (next.js: 2ms, application-code: 30ms)
 GET /users/search/U-88421 200 in 25ms (next.js: 1981µs, application-code: 23ms)
 GET /users/search/U-88421 200 in 25ms (next.js: 2ms, application-code: 23ms)
 GET /users/search/U-88421 200 in 78ms (next.js: 46ms, application-code: 32ms)
 GET /users/search/U-88421 200 in 24ms (next.js: 1859µs, application-code: 22ms)
 GET /users/search/U-88421 200 in 23ms (next.js: 1704µs, application-code: 22ms)
 GET /platform/rbac 200 in 30ms (next.js: 7ms, application-code: 24ms)
 GET /platform/rbac 200 in 26ms (next.js: 1652µs, application-code: 24ms)
 GET /platform/rbac 200 in 23ms (next.js: 1643µs, application-code: 22ms)
 GET /platform/rbac 200 in 24ms (next.js: 1848µs, application-code: 22ms)
 GET /platform/audit 200 in 42ms (next.js: 2ms, application-code: 40ms)
 GET /platform/audit 200 in 23ms (next.js: 1826µs, application-code: 21ms)
 GET /platform/audit 200 in 29ms (next.js: 6ms, application-code: 23ms)
 GET /platform/audit 200 in 23ms (next.js: 1756µs, application-code: 21ms)
 GET /platform/config 200 in 26ms (next.js: 2ms, application-code: 23ms)
 GET /platform/config 200 in 23ms (next.js: 1592µs, application-code: 22ms)
 GET /platform/config 200 in 24ms (next.js: 1744µs, application-code: 23ms)
 GET /platform/config 200 in 24ms (next.js: 1618µs, application-code: 22ms)
 GET /platform/events 200 in 28ms (next.js: 6ms, application-code: 23ms)
 GET /platform/events 200 in 26ms (next.js: 1874µs, application-code: 24ms)
 GET /platform/events 200 in 37ms (next.js: 2ms, application-code: 35ms)
 GET /platform/events 200 in 23ms (next.js: 1642µs, application-code: 21ms)
 GET /content/copy-ab 200 in 42ms (next.js: 1970µs, application-code: 40ms)
 GET /content/copy-ab 200 in 26ms (next.js: 1861µs, application-code: 24ms)
 GET /content/copy-ab 200 in 29ms (next.js: 6ms, application-code: 23ms)
 GET /content/nova 200 in 24ms (next.js: 1655µs, application-code: 22ms)
 GET /content/nova 200 in 25ms (next.js: 1861µs, application-code: 23ms)
 GET /content/nova 200 in 23ms (next.js: 1584µs, application-code: 22ms)
 GET /content/notifications 200 in 24ms (next.js: 1815µs, application-code: 22ms)
 GET /content/notifications 200 in 28ms (next.js: 1644µs, application-code: 27ms)
 GET /content/notifications 200 in 35ms (next.js: 2ms, application-code: 33ms)
 GET /content/trust 200 in 30ms (next.js: 6ms, application-code: 24ms)
 GET /content/trust 200 in 25ms (next.js: 1812µs, application-code: 24ms)
 GET /content/trust 200 in 25ms (next.js: 1739µs, application-code: 23ms)
 GET /content/trust 200 in 37ms (next.js: 2ms, application-code: 34ms)
 GET /content/i18n 200 in 24ms (next.js: 1875µs, application-code: 22ms)
 GET /content/i18n 200 in 28ms (next.js: 2ms, application-code: 26ms)
 GET /content/i18n 200 in 24ms (next.js: 1884µs, application-code: 22ms)
 GET /content/i18n 200 in 29ms (next.js: 6ms, application-code: 22ms)
 GET /service/overview 200 in 25ms (next.js: 2ms, application-code: 22ms)
 GET /service/overview 200 in 23ms (next.js: 1663µs, application-code: 21ms)
 GET /service/tickets 200 in 22ms (next.js: 1621µs, application-code: 21ms)
 GET /service/tickets 200 in 26ms (next.js: 1775µs, application-code: 24ms)
 GET /service/sessions 200 in 32ms (next.js: 3ms, application-code: 29ms)
 GET /service/sessions 200 in 24ms (next.js: 1645µs, application-code: 23ms)
 GET /service/sessions 200 in 40ms (next.js: 6ms, application-code: 34ms)
 GET /service/kb-sla 200 in 24ms (next.js: 1667µs, application-code: 22ms)
 GET /service/kb-sla 200 in 26ms (next.js: 1778µs, application-code: 24ms)
 GET /service/scripts 200 in 24ms (next.js: 2ms, application-code: 22ms)
 GET /service/scripts 200 in 26ms (next.js: 1714µs, application-code: 24ms)
 GET /platform/params-registry 200 in 1004ms (next.js: 734ms, application-code: 270ms)
 GET /platform/params-registry 200 in 184ms (next.js: 1638µs, application-code: 183ms)
 GET /platform/params-registry 200 in 189ms (next.js: 1757µs, application-code: 187ms)
 GET /finance/params 200 in 673ms (next.js: 555ms, application-code: 118ms)
 GET /finance/params 200 in 23ms (next.js: 2ms, application-code: 21ms)
 GET /finance/params 200 in 28ms (next.js: 1538µs, application-code: 27ms)
 GET /finance/params 200 in 22ms (next.js: 1570µs, application-code: 20ms)
 GET / 200 in 42ms (next.js: 14ms, application-code: 28ms)
 GET /finance/recon 200 in 91ms (next.js: 56ms, application-code: 35ms)
 GET /finance/recon 200 in 23ms (next.js: 1808µs, application-code: 21ms)
 GET /overview/dual-ledger 200 in 51ms (next.js: 17ms, application-code: 34ms)
 GET /finance/withdrawals 200 in 120ms (next.js: 97ms, application-code: 23ms)
 GET /finance/withdrawals 200 in 22ms (next.js: 1651µs, application-code: 20ms)
 GET /overview/dual-ledger 200 in 22ms (next.js: 1654µs, application-code: 20ms)
 GET /overview/dual-ledger 200 in 22ms (next.js: 1661µs, application-code: 20ms)
 GET /overview/dual-ledger 200 in 23ms (next.js: 2ms, application-code: 21ms)
 GET / 200 in 21ms (next.js: 1617µs, application-code: 19ms)
 GET /finance/withdrawals 200 in 22ms (next.js: 1662µs, application-code: 20ms)
 GET /finance/withdrawals 200 in 28ms (next.js: 1848µs, application-code: 27ms)
 GET / 200 in 21ms (next.js: 1855µs, application-code: 19ms)
 GET / 200 in 20ms (next.js: 1970µs, application-code: 18ms)
 GET /platform/rbac 200 in 27ms (next.js: 5ms, application-code: 22ms)
 GET /overview/liquidity 200 in 568ms (next.js: 468ms, application-code: 100ms)
 GET /network/royalty 200 in 105ms (next.js: 55ms, application-code: 50ms)
 GET /devices/pricing 200 in 22ms (next.js: 1611µs, application-code: 21ms)
 GET /finance-products/staking 200 in 22ms (next.js: 1523µs, application-code: 20ms)
 GET /risk/multi-account 200 in 23ms (next.js: 1584µs, application-code: 21ms)
 GET /risk/abuse 200 in 22ms (next.js: 1542µs, application-code: 20ms)
 GET /risk/withdrawal-rules 200 in 68ms (next.js: 42ms, application-code: 26ms)
 GET /risk/scoring 200 in 24ms (next.js: 1629µs, application-code: 22ms)
 GET /risk/kyc-review 200 in 23ms (next.js: 1571µs, application-code: 22ms)
 GET /risk/janus-c2 200 in 22ms (next.js: 1646µs, application-code: 20ms)
 GET /finance/recon 200 in 22ms (next.js: 1476µs, application-code: 21ms)
 GET /finance/recon 200 in 22ms (next.js: 2ms, application-code: 20ms)
 GET /finance/pool 200 in 35ms (next.js: 6ms, application-code: 28ms)
 GET /finance/pool 200 in 30ms (next.js: 1678µs, application-code: 28ms)
 GET /finance/ledger 200 in 28ms (next.js: 1540µs, application-code: 26ms)
 GET /finance/ledger 200 in 24ms (next.js: 1547µs, application-code: 22ms)
 GET /finance-products/staking 200 in 25ms (next.js: 1673µs, application-code: 23ms)
 GET /finance-products/staking 200 in 23ms (next.js: 1569µs, application-code: 21ms)
 GET /finance-products/exchange 200 in 22ms (next.js: 1503µs, application-code: 21ms)
 GET /finance-products/exchange 200 in 27ms (next.js: 5ms, application-code: 22ms)
 GET /finance-products/market 200 in 22ms (next.js: 1559µs, application-code: 21ms)
 GET /finance-products/market 200 in 23ms (next.js: 1704µs, application-code: 21ms)
 GET /finance-products/market 200 in 23ms (next.js: 1544µs, application-code: 21ms)
 GET /finance-products/genesis 200 in 24ms (next.js: 2ms, application-code: 21ms)
 GET /finance-products/genesis 200 in 31ms (next.js: 1572µs, application-code: 29ms)
 GET /finance-products/repurchase 200 in 22ms (next.js: 1526µs, application-code: 21ms)
 GET / 200 in 70ms (next.js: 20ms, application-code: 50ms)
 GET /platform/rbac 200 in 84ms (next.js: 45ms, application-code: 39ms)
 GET / 200 in 24ms (next.js: 1784µs, application-code: 22ms)
 GET / 200 in 22ms (next.js: 1566µs, application-code: 21ms)
 GET / 200 in 22ms (next.js: 1820µs, application-code: 21ms)
 GET / 200 in 22ms (next.js: 2ms, application-code: 20ms)
 GET / 200 in 22ms (next.js: 1515µs, application-code: 20ms)
 GET / 200 in 20ms (next.js: 1622µs, application-code: 18ms)
 GET / 200 in 22ms (next.js: 1622µs, application-code: 20ms)
 GET / 200 in 20ms (next.js: 1694µs, application-code: 18ms)
 GET /overview/dual-ledger 200 in 55ms (next.js: 17ms, application-code: 38ms)
 GET /overview/dual-ledger 200 in 22ms (next.js: 1869µs, application-code: 20ms)
 GET /overview/dual-ledger 200 in 22ms (next.js: 1667µs, application-code: 20ms)
 GET /finance/withdrawals 200 in 135ms (next.js: 104ms, application-code: 31ms)
 GET /finance/withdrawals 200 in 30ms (next.js: 2ms, application-code: 28ms)
 GET /finance/withdrawals 200 in 24ms (next.js: 1726µs, application-code: 22ms)
 GET /finance/withdrawals 200 in 33ms (next.js: 3ms, application-code: 30ms)
 GET /finance/withdrawals 200 in 27ms (next.js: 3ms, application-code: 24ms)
 GET /users/search/U-88421 200 in 71ms (next.js: 23ms, application-code: 48ms)
 GET /users/search 200 in 160ms (next.js: 113ms, application-code: 47ms)
 GET /users/search 200 in 34ms (next.js: 3ms, application-code: 32ms)
 GET /users/search 200 in 36ms (next.js: 3ms, application-code: 34ms)
 GET /users/search 200 in 21ms (next.js: 1915µs, application-code: 19ms)
 GET /users/search 200 in 22ms (next.js: 1514µs, application-code: 20ms)
 GET /users/actions 200 in 37ms (next.js: 6ms, application-code: 31ms)
 GET /users/actions 200 in 23ms (next.js: 1755µs, application-code: 22ms)
 GET /users/actions 200 in 33ms (next.js: 1913µs, application-code: 31ms)
 GET /users/assets 200 in 23ms (next.js: 1532µs, application-code: 21ms)
 GET /users/assets 200 in 26ms (next.js: 3ms, application-code: 24ms)
 GET /users/assets 200 in 29ms (next.js: 4ms, application-code: 25ms)
 GET /users/kyc 200 in 71ms (next.js: 43ms, application-code: 28ms)
 GET /users/kyc 200 in 23ms (next.js: 1624µs, application-code: 21ms)
 GET /users/security 200 in 26ms (next.js: 2ms, application-code: 24ms)
 GET /users/security 200 in 23ms (next.js: 1824µs, application-code: 22ms)
 GET /users/reg-risk 200 in 31ms (next.js: 1630µs, application-code: 29ms)
 GET /users/reg-risk 200 in 23ms (next.js: 1654µs, application-code: 21ms)
 GET /users/search/U-88421 200 in 30ms (next.js: 7ms, application-code: 24ms)
 GET /users/search/U-88421 200 in 23ms (next.js: 1626µs, application-code: 21ms)
 GET /users/search/U-88421 200 in 23ms (next.js: 1810µs, application-code: 22ms)
 GET /users/search/U-88421 200 in 23ms (next.js: 1739µs, application-code: 21ms)
 GET /users/search/U-88421 200 in 36ms (next.js: 1924µs, application-code: 34ms)
 GET /users/search/U-88421 200 in 28ms (next.js: 7ms, application-code: 21ms)
 GET /users/search/U-88421 200 in 23ms (next.js: 1891µs, application-code: 21ms)
 GET /users/search/U-88421 200 in 23ms (next.js: 1753µs, application-code: 21ms)
 GET /users/search/U-88421 200 in 29ms (next.js: 2ms, application-code: 26ms)
 GET /users/search/U-88421 200 in 145ms (next.js: 101ms, application-code: 44ms)
 GET /users/search/U-88421 200 in 22ms (next.js: 1792µs, application-code: 21ms)
 GET /users/search/U-88421 200 in 23ms (next.js: 1850µs, application-code: 22ms)
 GET /users/search/U-88421 200 in 26ms (next.js: 4ms, application-code: 22ms)
 GET /users/search/U-88421 200 in 28ms (next.js: 6ms, application-code: 21ms)
 GET /users/search/U-88421 200 in 24ms (next.js: 1797µs, application-code: 22ms)
 GET /platform/rbac 200 in 36ms (next.js: 6ms, application-code: 30ms)
 GET /platform/rbac 200 in 24ms (next.js: 1666µs, application-code: 22ms)
 GET /platform/rbac 200 in 33ms (next.js: 2ms, application-code: 31ms)
 GET /platform/rbac 200 in 25ms (next.js: 1834µs, application-code: 23ms)
 GET /platform/audit 200 in 24ms (next.js: 1617µs, application-code: 22ms)
 GET /platform/audit 200 in 24ms (next.js: 1668µs, application-code: 22ms)
 GET /platform/audit 200 in 33ms (next.js: 2ms, application-code: 30ms)
 GET /platform/audit 200 in 28ms (next.js: 5ms, application-code: 23ms)
 GET /platform/config 200 in 24ms (next.js: 1838µs, application-code: 22ms)
 GET /platform/config 200 in 38ms (next.js: 3ms, application-code: 34ms)
 GET /platform/config 200 in 32ms (next.js: 1808µs, application-code: 30ms)
 GET /platform/config 200 in 24ms (next.js: 1593µs, application-code: 22ms)
 GET /platform/events 200 in 26ms (next.js: 3ms, application-code: 23ms)
 GET /platform/events 200 in 36ms (next.js: 7ms, application-code: 29ms)
 GET /platform/events 200 in 23ms (next.js: 2ms, application-code: 21ms)
 GET /platform/events 200 in 32ms (next.js: 2ms, application-code: 30ms)
 GET /content/copy-ab 200 in 29ms (next.js: 2ms, application-code: 27ms)
 GET /content/copy-ab 200 in 37ms (next.js: 3ms, application-code: 35ms)
 GET /content/copy-ab 200 in 22ms (next.js: 1616µs, application-code: 21ms)
 GET /content/nova 200 in 28ms (next.js: 3ms, application-code: 25ms)
 GET /content/nova 200 in 28ms (next.js: 6ms, application-code: 21ms)
 GET /content/nova 200 in 34ms (next.js: 4ms, application-code: 30ms)
 GET /content/notifications 200 in 23ms (next.js: 1931µs, application-code: 21ms)
 GET /content/notifications 200 in 23ms (next.js: 2ms, application-code: 21ms)
 GET /content/notifications 200 in 23ms (next.js: 2ms, application-code: 21ms)
 GET /content/trust 200 in 32ms (next.js: 2ms, application-code: 29ms)
 GET /content/trust 200 in 30ms (next.js: 7ms, application-code: 23ms)
 GET /content/trust 200 in 25ms (next.js: 2ms, application-code: 23ms)
 GET /content/trust 200 in 44ms (next.js: 1558µs, application-code: 43ms)
 GET /content/i18n 200 in 22ms (next.js: 1601µs, application-code: 20ms)
 GET /content/i18n 200 in 25ms (next.js: 1635µs, application-code: 24ms)
 GET /content/i18n 200 in 35ms (next.js: 2ms, application-code: 33ms)
 GET /content/i18n 200 in 24ms (next.js: 3ms, application-code: 21ms)
 GET /service/overview 200 in 26ms (next.js: 6ms, application-code: 21ms)
 GET /service/overview 200 in 23ms (next.js: 2ms, application-code: 21ms)
 GET /service/tickets 200 in 22ms (next.js: 1601µs, application-code: 21ms)
 GET /service/tickets 200 in 24ms (next.js: 1522µs, application-code: 22ms)
 GET /service/sessions 200 in 23ms (next.js: 1602µs, application-code: 22ms)
 GET /service/sessions 200 in 23ms (next.js: 1866µs, application-code: 21ms)
 GET /service/sessions 200 in 28ms (next.js: 7ms, application-code: 21ms)
 GET /service/kb-sla 200 in 32ms (next.js: 1626µs, application-code: 31ms)
 GET /service/kb-sla 200 in 22ms (next.js: 1731µs, application-code: 20ms)
 GET /service/scripts 200 in 25ms (next.js: 1704µs, application-code: 23ms)
 GET /service/scripts 200 in 25ms (next.js: 1707µs, application-code: 23ms)
 GET /platform/params-registry 200 in 231ms (next.js: 15ms, application-code: 216ms)
 GET /platform/params-registry 200 in 212ms (next.js: 1658µs, application-code: 210ms)
 GET /platform/params-registry 200 in 172ms (next.js: 1619µs, application-code: 170ms)
 GET /finance/params 200 in 120ms (next.js: 88ms, application-code: 32ms)
 GET /finance/params 200 in 22ms (next.js: 1679µs, application-code: 21ms)
 GET /finance/params 200 in 23ms (next.js: 1874µs, application-code: 21ms)
 GET /finance/params 200 in 24ms (next.js: 1747µs, application-code: 22ms)
 GET / 200 in 21ms (next.js: 1683µs, application-code: 19ms)
 GET /finance/recon 200 in 28ms (next.js: 6ms, application-code: 22ms)
 GET /finance/recon 200 in 35ms (next.js: 1954µs, application-code: 33ms)
 GET /overview/dual-ledger 200 in 28ms (next.js: 3ms, application-code: 26ms)
 GET /finance/withdrawals 200 in 24ms (next.js: 3ms, application-code: 22ms)
 GET /finance/withdrawals 200 in 26ms (next.js: 1945µs, application-code: 24ms)
 GET /overview/dual-ledger 200 in 31ms (next.js: 1940µs, application-code: 29ms)
 GET /overview/dual-ledger 200 in 74ms (next.js: 1879µs, application-code: 72ms)
 GET /overview/dual-ledger 200 in 23ms (next.js: 1826µs, application-code: 22ms)
 GET / 200 in 30ms (next.js: 1669µs, application-code: 28ms)
 GET /finance/withdrawals 200 in 24ms (next.js: 1974µs, application-code: 22ms)
 GET /finance/withdrawals 200 in 24ms (next.js: 1835µs, application-code: 22ms)
 GET / 200 in 22ms (next.js: 3ms, application-code: 20ms)
 GET / 200 in 22ms (next.js: 1548µs, application-code: 21ms)
 GET /platform/rbac 200 in 37ms (next.js: 6ms, application-code: 31ms)
 GET /overview/liquidity 200 in 37ms (next.js: 1858µs, application-code: 35ms)
 GET /network/royalty 200 in 24ms (next.js: 1567µs, application-code: 23ms)
 GET /devices/pricing 200 in 24ms (next.js: 1753µs, application-code: 22ms)
 GET /finance-products/staking 200 in 23ms (next.js: 1725µs, application-code: 21ms)
 GET /risk/multi-account 200 in 29ms (next.js: 6ms, application-code: 23ms)
 GET /risk/abuse 200 in 25ms (next.js: 1931µs, application-code: 23ms)
 GET /risk/withdrawal-rules 200 in 34ms (next.js: 1903µs, application-code: 32ms)
 GET /risk/scoring 200 in 24ms (next.js: 1767µs, application-code: 23ms)
 GET /risk/kyc-review 200 in 28ms (next.js: 5ms, application-code: 23ms)
 GET /risk/janus-c2 200 in 23ms (next.js: 2ms, application-code: 21ms)
 GET /finance/recon 200 in 24ms (next.js: 1665µs, application-code: 22ms)
 GET /finance/recon 200 in 32ms (next.js: 1705µs, application-code: 30ms)
 GET /finance/pool 200 in 163ms (next.js: 137ms, application-code: 26ms)
 GET /finance/pool 200 in 27ms (next.js: 1800µs, application-code: 25ms)
 GET /finance/ledger 200 in 33ms (next.js: 1672µs, application-code: 31ms)
 GET /finance/ledger 200 in 43ms (next.js: 1957µs, application-code: 41ms)
 GET /finance-products/staking 200 in 31ms (next.js: 3ms, application-code: 28ms)
 GET /finance-products/staking 200 in 39ms (next.js: 3ms, application-code: 36ms)
 GET /finance-products/exchange 200 in 23ms (next.js: 1595µs, application-code: 22ms)
 GET /finance-products/exchange 200 in 30ms (next.js: 6ms, application-code: 24ms)
 GET /finance-products/market 200 in 35ms (next.js: 2ms, application-code: 33ms)
 GET /finance-products/market 200 in 26ms (next.js: 1917µs, application-code: 25ms)
 GET /finance-products/market 200 in 31ms (next.js: 1970µs, application-code: 29ms)
 GET /finance-products/genesis 200 in 32ms (next.js: 4ms, application-code: 28ms)
 GET /finance-products/genesis 200 in 35ms (next.js: 2ms, application-code: 32ms)
 GET /finance-products/repurchase 200 in 32ms (next.js: 2ms, application-code: 30ms)
 GET /risk/janus-c2 200 in 52ms (next.js: 28ms, application-code: 24ms)
 GET / 200 in 29ms (next.js: 5ms, application-code: 24ms)
 GET /risk/janus-c2 200 in 33ms (next.js: 6ms, application-code: 27ms)
 GET /favicon.ico 200 in 1059ms (next.js: 1042ms, application-code: 17ms)
 POST /api/admin/auth/login 200 in 357ms (next.js: 341ms, application-code: 15ms)
 GET /finance-products/staking 200 in 339ms (next.js: 179ms, application-code: 159ms)
 GET /finance-products/staking 200 in 31ms (next.js: 7ms, application-code: 24ms)
 GET /platform/params-registry 200 in 698ms (next.js: 347ms, application-code: 351ms)
 GET /finance-products/staking 200 in 89ms (next.js: 56ms, application-code: 33ms)
 GET /finance-products/staking 200 in 28ms (next.js: 6ms, application-code: 22ms)
 GET /risk/janus-c2 200 in 41ms (next.js: 12ms, application-code: 29ms)
 GET /risk/janus-c2 200 in 125ms (next.js: 12ms, application-code: 113ms)
 GET /platform/rbac 200 in 36ms (next.js: 6ms, application-code: 31ms)
 GET / 200 in 48ms (next.js: 16ms, application-code: 32ms)
 GET / 200 in 22ms (next.js: 1716µs, application-code: 20ms)
 GET / 200 in 20ms (next.js: 1513µs, application-code: 18ms)
 GET / 200 in 21ms (next.js: 1963µs, application-code: 20ms)
 GET / 200 in 23ms (next.js: 1814µs, application-code: 21ms)
 GET / 200 in 22ms (next.js: 3ms, application-code: 19ms)
 GET / 200 in 21ms (next.js: 1612µs, application-code: 19ms)
 GET / 200 in 20ms (next.js: 1585µs, application-code: 18ms)
 GET /overview/dual-ledger 200 in 722ms (next.js: 560ms, application-code: 162ms)
 GET /overview/dual-ledger 200 in 42ms (next.js: 2ms, application-code: 40ms)
 GET /risk/janus-c2 200 in 195ms (next.js: 115ms, application-code: 80ms)
 GET /overview/dual-ledger 200 in 23ms (next.js: 1628µs, application-code: 22ms)
 GET /finance/withdrawals 200 in 926ms (next.js: 785ms, application-code: 142ms)
 GET /finance/withdrawals 200 in 23ms (next.js: 1688µs, application-code: 21ms)
 GET /finance/withdrawals 200 in 26ms (next.js: 3ms, application-code: 23ms)
 GET /finance/withdrawals 200 in 31ms (next.js: 4ms, application-code: 27ms)
 GET /finance/withdrawals 200 in 24ms (next.js: 3ms, application-code: 21ms)
 GET /users/search/U-88421 200 in 751ms (next.js: 651ms, application-code: 100ms)
 GET /users/search 200 in 1187ms (next.js: 1079ms, application-code: 108ms)
 GET /users/search 200 in 27ms (next.js: 1767µs, application-code: 25ms)
 GET /users/search 200 in 35ms (next.js: 1909µs, application-code: 34ms)
 GET /users/search 200 in 29ms (next.js: 3ms, application-code: 26ms)
 GET /users/search 200 in 23ms (next.js: 1788µs, application-code: 21ms)
 GET /users/actions 200 in 141ms (next.js: 113ms, application-code: 28ms)
 GET /users/actions 200 in 22ms (next.js: 1588µs, application-code: 20ms)
 GET /users/actions 200 in 26ms (next.js: 3ms, application-code: 22ms)
 GET /users/assets 200 in 26ms (next.js: 2ms, application-code: 24ms)
 GET /users/assets 200 in 24ms (next.js: 1714µs, application-code: 23ms)
 GET /users/assets 200 in 23ms (next.js: 1747µs, application-code: 21ms)
 GET /users/kyc 200 in 32ms (next.js: 1697µs, application-code: 30ms)
 GET /users/kyc 200 in 29ms (next.js: 6ms, application-code: 23ms)
 GET /users/security 200 in 25ms (next.js: 1554µs, application-code: 23ms)
 GET /users/security 200 in 24ms (next.js: 1661µs, application-code: 22ms)
 GET /users/reg-risk 200 in 29ms (next.js: 1954µs, application-code: 27ms)
 GET /users/reg-risk 200 in 34ms (next.js: 4ms, application-code: 30ms)
 GET /users/search/U-88421 200 in 59ms (next.js: 22ms, application-code: 36ms)
 GET /users/search/U-88421 200 in 27ms (next.js: 1984µs, application-code: 25ms)
 GET /users/search/U-88421 200 in 26ms (next.js: 1630µs, application-code: 24ms)
 GET /users/search/U-88421 200 in 32ms (next.js: 1960µs, application-code: 30ms)
 GET /users/search/U-88421 200 in 23ms (next.js: 1906µs, application-code: 21ms)
 GET /users/search/U-88421 200 in 36ms (next.js: 1558µs, application-code: 34ms)
 GET /users/search/U-88421 200 in 28ms (next.js: 7ms, application-code: 21ms)
 GET /users/search/U-88421 200 in 24ms (next.js: 1713µs, application-code: 22ms)
 GET /users/search/U-88421 200 in 24ms (next.js: 1609µs, application-code: 22ms)
 GET /users/search/U-88421 200 in 25ms (next.js: 1857µs, application-code: 23ms)
 GET /users/search/U-88421 200 in 26ms (next.js: 1773µs, application-code: 25ms)
 GET /users/search/U-88421 200 in 28ms (next.js: 6ms, application-code: 22ms)
 GET /users/search/U-88421 200 in 25ms (next.js: 1649µs, application-code: 23ms)
 GET /users/search/U-88421 200 in 23ms (next.js: 1495µs, application-code: 21ms)
 GET /users/search/U-88421 200 in 25ms (next.js: 3ms, application-code: 21ms)
 GET /platform/rbac 200 in 27ms (next.js: 5ms, application-code: 21ms)
 GET /platform/rbac 200 in 46ms (next.js: 2ms, application-code: 44ms)
 GET /platform/rbac 200 in 25ms (next.js: 1863µs, application-code: 23ms)
 GET /platform/rbac 200 in 22ms (next.js: 1876µs, application-code: 21ms)
 GET /platform/audit 200 in 23ms (next.js: 1650µs, application-code: 21ms)
 GET /platform/audit 200 in 29ms (next.js: 7ms, application-code: 22ms)
 GET /platform/audit 200 in 26ms (next.js: 3ms, application-code: 23ms)
 GET /platform/audit 200 in 22ms (next.js: 1452µs, application-code: 20ms)
 GET /platform/config 200 in 22ms (next.js: 1580µs, application-code: 21ms)
 GET /platform/config 200 in 25ms (next.js: 1511µs, application-code: 23ms)
 GET /platform/config 200 in 22ms (next.js: 1637µs, application-code: 21ms)
 GET /platform/config 200 in 22ms (next.js: 1717µs, application-code: 21ms)
 GET /platform/events 200 in 25ms (next.js: 1675µs, application-code: 23ms)
 GET /platform/events 200 in 39ms (next.js: 5ms, application-code: 33ms)
 GET /platform/events 200 in 23ms (next.js: 1714µs, application-code: 22ms)
 GET /platform/events 200 in 25ms (next.js: 3ms, application-code: 22ms)
 GET /content/copy-ab 200 in 26ms (next.js: 1685µs, application-code: 24ms)
 GET /content/copy-ab 200 in 24ms (next.js: 1691µs, application-code: 23ms)
 GET /content/copy-ab 200 in 25ms (next.js: 3ms, application-code: 22ms)
 GET /content/nova 200 in 24ms (next.js: 1479µs, application-code: 23ms)
 GET /content/nova 200 in 24ms (next.js: 1735µs, application-code: 22ms)
 GET /content/nova 200 in 33ms (next.js: 7ms, application-code: 26ms)
 GET /content/notifications 200 in 25ms (next.js: 1740µs, application-code: 23ms)
 GET /content/notifications 200 in 29ms (next.js: 2ms, application-code: 26ms)
 GET /content/notifications 200 in 26ms (next.js: 1782µs, application-code: 24ms)
 GET /content/trust 200 in 32ms (next.js: 2ms, application-code: 30ms)
 GET /content/trust 200 in 25ms (next.js: 1776µs, application-code: 23ms)
 GET /content/trust 200 in 27ms (next.js: 6ms, application-code: 21ms)
 GET /content/trust 200 in 27ms (next.js: 5ms, application-code: 22ms)
 GET /content/i18n 200 in 26ms (next.js: 1562µs, application-code: 24ms)
 GET /content/i18n 200 in 25ms (next.js: 1544µs, application-code: 24ms)
 GET /content/i18n 200 in 31ms (next.js: 2ms, application-code: 29ms)
 GET /content/i18n 200 in 30ms (next.js: 3ms, application-code: 28ms)
 GET /service/overview 200 in 30ms (next.js: 1822µs, application-code: 28ms)
 GET /service/overview 200 in 33ms (next.js: 1843µs, application-code: 31ms)
 GET /service/tickets 200 in 36ms (next.js: 6ms, application-code: 29ms)
 GET /service/tickets 200 in 34ms (next.js: 1543µs, application-code: 33ms)
 GET /service/sessions 200 in 32ms (next.js: 1918µs, application-code: 30ms)
 GET /service/sessions 200 in 33ms (next.js: 1988µs, application-code: 31ms)
 GET /service/sessions 200 in 34ms (next.js: 2ms, application-code: 32ms)
 GET /service/kb-sla 200 in 35ms (next.js: 2ms, application-code: 33ms)
 GET /service/kb-sla 200 in 25ms (next.js: 3ms, application-code: 22ms)
 GET /service/scripts 200 in 31ms (next.js: 7ms, application-code: 24ms)
 GET /service/scripts 200 in 30ms (next.js: 1661µs, application-code: 29ms)
 GET /platform/params-registry 200 in 729ms (next.js: 441ms, application-code: 289ms)
 GET /platform/params-registry 200 in 210ms (next.js: 3ms, application-code: 206ms)
 GET /platform/params-registry 200 in 210ms (next.js: 1721µs, application-code: 208ms)
 GET /finance/params 200 in 608ms (next.js: 497ms, application-code: 112ms)
 GET /finance/params 200 in 24ms (next.js: 1694µs, application-code: 23ms)
 GET /finance/params 200 in 24ms (next.js: 1680µs, application-code: 23ms)
 GET /finance/params 200 in 25ms (next.js: 1705µs, application-code: 23ms)
 GET / 200 in 40ms (next.js: 13ms, application-code: 27ms)
 GET /finance/recon 200 in 135ms (next.js: 109ms, application-code: 25ms)
 GET /finance/recon 200 in 23ms (next.js: 1659µs, application-code: 21ms)
 GET /overview/dual-ledger 200 in 45ms (next.js: 15ms, application-code: 30ms)
 GET /finance/withdrawals 200 in 133ms (next.js: 98ms, application-code: 34ms)
 GET /finance/withdrawals 200 in 23ms (next.js: 1587µs, application-code: 21ms)
 GET /overview/dual-ledger 200 in 24ms (next.js: 1664µs, application-code: 23ms)
 GET /overview/dual-ledger 200 in 24ms (next.js: 1683µs, application-code: 22ms)
 GET /overview/dual-ledger 200 in 23ms (next.js: 1740µs, application-code: 22ms)
 GET / 200 in 24ms (next.js: 1632µs, application-code: 23ms)
 GET /finance/withdrawals 200 in 35ms (next.js: 1669µs, application-code: 34ms)
 GET /finance/withdrawals 200 in 26ms (next.js: 1661µs, application-code: 24ms)
 GET / 200 in 23ms (next.js: 1629µs, application-code: 21ms)
 GET / 200 in 23ms (next.js: 1741µs, application-code: 21ms)
 GET /platform/rbac 200 in 29ms (next.js: 7ms, application-code: 22ms)
 GET /overview/liquidity 200 in 856ms (next.js: 756ms, application-code: 100ms)
 GET /network/royalty 200 in 207ms (next.js: 154ms, application-code: 53ms)
 GET /devices/pricing 200 in 25ms (next.js: 1474µs, application-code: 24ms)
 GET /finance-products/staking 200 in 26ms (next.js: 1439µs, application-code: 24ms)
 GET /risk/multi-account 200 in 23ms (next.js: 1700µs, application-code: 21ms)
 GET /risk/abuse 200 in 23ms (next.js: 1532µs, application-code: 21ms)
 GET /risk/withdrawal-rules 200 in 30ms (next.js: 6ms, application-code: 24ms)
 GET /risk/scoring 200 in 24ms (next.js: 1438µs, application-code: 23ms)
 GET /risk/kyc-review 200 in 23ms (next.js: 1843µs, application-code: 21ms)
 GET /risk/janus-c2 200 in 26ms (next.js: 1689µs, application-code: 24ms)
 GET /finance/recon 200 in 23ms (next.js: 1514µs, application-code: 21ms)
 GET /finance/recon 200 in 81ms (next.js: 58ms, application-code: 24ms)
 GET /finance/pool 200 in 32ms (next.js: 1527µs, application-code: 31ms)
 GET /finance/pool 200 in 25ms (next.js: 1617µs, application-code: 23ms)
 GET /finance/ledger 200 in 24ms (next.js: 1618µs, application-code: 23ms)
 GET /finance/ledger 200 in 28ms (next.js: 5ms, application-code: 23ms)
 GET /finance-products/staking 200 in 26ms (next.js: 1810µs, application-code: 24ms)
 GET /finance-products/staking 200 in 33ms (next.js: 1935µs, application-code: 31ms)
 GET /finance-products/exchange 200 in 33ms (next.js: 3ms, application-code: 30ms)
 GET /finance-products/exchange 200 in 24ms (next.js: 1682µs, application-code: 22ms)
 GET /finance-products/market 200 in 22ms (next.js: 1714µs, application-code: 20ms)
 GET /finance-products/market 200 in 23ms (next.js: 1478µs, application-code: 21ms)
 GET /finance-products/market 200 in 29ms (next.js: 5ms, application-code: 23ms)
 GET /finance-products/genesis 200 in 25ms (next.js: 1473µs, application-code: 23ms)
 GET /finance-products/genesis 200 in 37ms (next.js: 1671µs, application-code: 35ms)
 GET /finance-products/repurchase 200 in 31ms (next.js: 2ms, application-code: 29ms)
 GET /risk/janus-c2 200 in 39ms (next.js: 9ms, application-code: 29ms)
 GET / 200 in 68ms (next.js: 22ms, application-code: 46ms)
 GET /risk/janus-c2 200 in 39ms (next.js: 10ms, application-code: 29ms)
 GET /favicon.ico 200 in 1156ms (next.js: 1135ms, application-code: 21ms)
 POST /api/admin/auth/login 200 in 345ms (next.js: 329ms, application-code: 16ms)
 GET /finance-products/staking 200 in 296ms (next.js: 137ms, application-code: 160ms)
 GET /finance-products/staking 200 in 48ms (next.js: 25ms, application-code: 23ms)
 GET /platform/params-registry 200 in 820ms (next.js: 444ms, application-code: 377ms)
 GET /finance-products/staking 200 in 182ms (next.js: 152ms, application-code: 29ms)
 GET /finance-products/staking 200 in 30ms (next.js: 5ms, application-code: 25ms)
 GET /risk/janus-c2 200 in 76ms (next.js: 57ms, application-code: 20ms)
 GET / 200 in 91ms (next.js: 15ms, application-code: 76ms)
 GET /risk/janus-c2 200 in 51ms (next.js: 8ms, application-code: 43ms)
 GET /risk/janus-c2 200 in 84ms (next.js: 18ms, application-code: 66ms)
 GET /risk/janus-c2 200 in 33ms (next.js: 8ms, application-code: 26ms)
 GET /risk/janus-c2 200 in 33ms (next.js: 6ms, application-code: 27ms)
 GET /risk/janus-c2 200 in 85ms (next.js: 49ms, application-code: 36ms)
 GET /risk/janus-c2 200 in 34ms (next.js: 6ms, application-code: 27ms)
 GET /risk/janus-c2 200 in 31ms (next.js: 7ms, application-code: 24ms)
 POST /api/admin/auth/login 200 in 18ms (next.js: 8ms, application-code: 10ms)
 GET /risk/janus-c2 200 in 35ms (next.js: 7ms, application-code: 28ms)
 GET /risk/janus-c2 200 in 55ms (next.js: 26ms, application-code: 28ms)
 POST /api/admin/auth/login 200 in 7ms (next.js: 1540µs, application-code: 5ms)
 GET /risk/janus-c2 200 in 28ms (next.js: 5ms, application-code: 23ms)
 GET /risk/janus-c2 200 in 32ms (next.js: 6ms, application-code: 26ms)
 POST /api/admin/auth/login 200 in 9ms (next.js: 3ms, application-code: 6ms)
 GET /risk/janus-c2 200 in 31ms (next.js: 5ms, application-code: 26ms)
 GET /risk/janus-c2 200 in 116ms (next.js: 51ms, application-code: 65ms)
 GET /risk/janus-c2 200 in 231ms (next.js: 184ms, application-code: 47ms)
 GET /risk/janus-c2 200 in 188ms (next.js: 152ms, application-code: 36ms)
 GET /risk/janus-c2 200 in 134ms (next.js: 6ms, application-code: 127ms)
 GET /risk/janus-c2 200 in 30ms (next.js: 7ms, application-code: 24ms)
 POST /api/admin/auth/login 200 in 29ms (next.js: 13ms, application-code: 16ms)
 GET /risk/janus-c2 200 in 55ms (next.js: 28ms, application-code: 27ms)
 GET /risk/janus-c2 200 in 43ms (next.js: 10ms, application-code: 33ms)
 GET /risk/janus-c2 200 in 34ms (next.js: 7ms, application-code: 27ms)
 GET /risk/janus-c2 200 in 32ms (next.js: 7ms, application-code: 24ms)
 POST /api/admin/auth/login 200 in 12ms (next.js: 1773µs, application-code: 10ms)
 GET /risk/janus-c2 200 in 35ms (next.js: 6ms, application-code: 29ms)
 POST /api/admin/auth/login 200 in 7ms (next.js: 1384µs, application-code: 5ms)
 GET /risk/janus-c2 200 in 29ms (next.js: 7ms, application-code: 23ms)
 GET /risk/janus-c2 200 in 33ms (next.js: 10ms, application-code: 23ms)
 GET /platform/rbac 200 in 32ms (next.js: 6ms, application-code: 26ms)
 GET / 200 in 51ms (next.js: 17ms, application-code: 33ms)
 GET / 200 in 22ms (next.js: 1923µs, application-code: 21ms)
 GET / 200 in 21ms (next.js: 1555µs, application-code: 20ms)
 GET / 200 in 21ms (next.js: 1602µs, application-code: 20ms)
 GET / 200 in 20ms (next.js: 1574µs, application-code: 19ms)
 GET / 200 in 22ms (next.js: 1740µs, application-code: 20ms)
 GET / 200 in 19ms (next.js: 1502µs, application-code: 18ms)
 GET / 200 in 19ms (next.js: 1509µs, application-code: 18ms)
 GET /overview/dual-ledger 200 in 800ms (next.js: 591ms, application-code: 209ms)
 GET /overview/dual-ledger 200 in 22ms (next.js: 1734µs, application-code: 20ms)
 GET /overview/dual-ledger 200 in 27ms (next.js: 1793µs, application-code: 26ms)
 GET /finance/withdrawals 200 in 735ms (next.js: 601ms, application-code: 134ms)
 GET /finance/withdrawals 200 in 23ms (next.js: 1602µs, application-code: 22ms)
 GET /finance/withdrawals 200 in 23ms (next.js: 2ms, application-code: 21ms)
 GET /finance/withdrawals 200 in 30ms (next.js: 2ms, application-code: 27ms)
 GET /finance/withdrawals 200 in 23ms (next.js: 2ms, application-code: 21ms)
 GET /users/search/U-88421 200 in 661ms (next.js: 513ms, application-code: 147ms)
 GET /users/search 200 in 711ms (next.js: 557ms, application-code: 154ms)
 GET /users/search 200 in 24ms (next.js: 3ms, application-code: 21ms)
 GET /users/search 200 in 22ms (next.js: 1513µs, application-code: 21ms)
 GET /users/search 200 in 24ms (next.js: 1622µs, application-code: 22ms)
 GET /users/search 200 in 44ms (next.js: 1813µs, application-code: 42ms)
 GET /users/actions 200 in 135ms (next.js: 100ms, application-code: 36ms)
 GET /users/actions 200 in 23ms (next.js: 1735µs, application-code: 21ms)
 GET /users/actions 200 in 37ms (next.js: 3ms, application-code: 34ms)
 GET /users/assets 200 in 33ms (next.js: 2ms, application-code: 31ms)
 GET /users/assets 200 in 32ms (next.js: 4ms, application-code: 29ms)
 GET /users/assets 200 in 33ms (next.js: 2ms, application-code: 31ms)
 GET /users/kyc 200 in 45ms (next.js: 1748µs, application-code: 43ms)
 GET /users/kyc 200 in 86ms (next.js: 57ms, application-code: 29ms)
 GET /users/security 200 in 25ms (next.js: 1623µs, application-code: 24ms)
 GET /users/security 200 in 34ms (next.js: 1943µs, application-code: 32ms)
 GET /users/reg-risk 200 in 30ms (next.js: 1951µs, application-code: 28ms)
 GET /users/reg-risk 200 in 27ms (next.js: 1656µs, application-code: 25ms)
 GET /users/search/U-88421 200 in 70ms (next.js: 15ms, application-code: 55ms)
 GET /users/search/U-88421 200 in 26ms (next.js: 1642µs, application-code: 24ms)
 GET /users/search/U-88421 200 in 23ms (next.js: 1542µs, application-code: 21ms)
 GET /users/search/U-88421 200 in 28ms (next.js: 3ms, application-code: 26ms)
 GET /users/search/U-88421 200 in 22ms (next.js: 2ms, application-code: 20ms)
 GET /users/search/U-88421 200 in 23ms (next.js: 1582µs, application-code: 21ms)
 GET /users/search/U-88421 200 in 28ms (next.js: 7ms, application-code: 21ms)
 GET /users/search/U-88421 200 in 24ms (next.js: 1559µs, application-code: 23ms)
 GET /users/search/U-88421 200 in 22ms (next.js: 1748µs, application-code: 20ms)
 GET /users/search/U-88421 200 in 25ms (next.js: 1523µs, application-code: 23ms)
 GET /users/search/U-88421 200 in 23ms (next.js: 2ms, application-code: 21ms)
 GET /users/search/U-88421 200 in 26ms (next.js: 1579µs, application-code: 24ms)
 GET /users/search/U-88421 200 in 29ms (next.js: 7ms, application-code: 22ms)
 GET /users/search/U-88421 200 in 31ms (next.js: 2ms, application-code: 29ms)
 GET /users/search/U-88421 200 in 22ms (next.js: 1730µs, application-code: 21ms)
 GET /platform/rbac 200 in 91ms (next.js: 60ms, application-code: 30ms)
 GET /platform/rbac 200 in 26ms (next.js: 1777µs, application-code: 24ms)
 GET /platform/rbac 200 in 32ms (next.js: 1980µs, application-code: 30ms)
 GET /platform/rbac 200 in 24ms (next.js: 1708µs, application-code: 22ms)
 GET /platform/audit 200 in 40ms (next.js: 15ms, application-code: 25ms)
 GET /platform/audit 200 in 23ms (next.js: 1668µs, application-code: 22ms)
 GET /platform/audit 200 in 25ms (next.js: 3ms, application-code: 21ms)
 GET /platform/audit 200 in 28ms (next.js: 5ms, application-code: 23ms)
 GET /platform/config 200 in 35ms (next.js: 1563µs, application-code: 34ms)
 GET /platform/config 200 in 28ms (next.js: 2ms, application-code: 26ms)
 GET /platform/config 200 in 22ms (next.js: 1745µs, application-code: 20ms)
 GET /platform/config 200 in 23ms (next.js: 1576µs, application-code: 22ms)
 GET /platform/events 200 in 22ms (next.js: 1508µs, application-code: 20ms)
 GET /platform/events 200 in 24ms (next.js: 1481µs, application-code: 23ms)
 GET /platform/events 200 in 30ms (next.js: 5ms, application-code: 25ms)
 GET /platform/events 200 in 31ms (next.js: 3ms, application-code: 28ms)
 GET /content/copy-ab 200 in 30ms (next.js: 1777µs, application-code: 29ms)
 GET /content/copy-ab 200 in 23ms (next.js: 1659µs, application-code: 21ms)
 GET /content/copy-ab 200 in 27ms (next.js: 3ms, application-code: 24ms)
 GET /content/nova 200 in 36ms (next.js: 2ms, application-code: 34ms)
 GET /content/nova 200 in 41ms (next.js: 1754µs, application-code: 39ms)
 GET /content/nova 200 in 32ms (next.js: 5ms, application-code: 26ms)
 GET /content/notifications 200 in 25ms (next.js: 1657µs, application-code: 23ms)
 GET /content/notifications 200 in 23ms (next.js: 1805µs, application-code: 21ms)
 GET /content/notifications 200 in 28ms (next.js: 1915µs, application-code: 27ms)
 GET /content/trust 200 in 39ms (next.js: 2ms, application-code: 37ms)
 GET /content/trust 200 in 28ms (next.js: 1658µs, application-code: 27ms)
 GET /content/trust 200 in 28ms (next.js: 1636µs, application-code: 26ms)
 GET /content/trust 200 in 23ms (next.js: 1596µs, application-code: 22ms)
 GET /content/i18n 200 in 28ms (next.js: 6ms, application-code: 23ms)
 GET /content/i18n 200 in 27ms (next.js: 1680µs, application-code: 25ms)
 GET /content/i18n 200 in 37ms (next.js: 2ms, application-code: 35ms)
 GET /content/i18n 200 in 29ms (next.js: 4ms, application-code: 25ms)
 GET /service/overview 200 in 23ms (next.js: 1628µs, application-code: 21ms)
 GET /service/overview 200 in 29ms (next.js: 1964µs, application-code: 27ms)
 GET /service/tickets 200 in 32ms (next.js: 1896µs, application-code: 30ms)
 GET /service/tickets 200 in 29ms (next.js: 6ms, application-code: 23ms)
 GET /service/sessions 200 in 32ms (next.js: 4ms, application-code: 28ms)
 GET /service/sessions 200 in 26ms (next.js: 1644µs, application-code: 25ms)
 GET /service/sessions 200 in 28ms (next.js: 1901µs, application-code: 26ms)
 GET /service/kb-sla 200 in 29ms (next.js: 1809µs, application-code: 27ms)
 GET /service/kb-sla 200 in 26ms (next.js: 1749µs, application-code: 24ms)
 GET /service/scripts 200 in 45ms (next.js: 2ms, application-code: 43ms)
 GET /service/scripts 200 in 101ms (next.js: 56ms, application-code: 45ms)
 GET /platform/params-registry 200 in 748ms (next.js: 464ms, application-code: 284ms)
 GET /platform/params-registry 200 in 202ms (next.js: 1768µs, application-code: 200ms)
 GET /platform/params-registry 200 in 198ms (next.js: 1659µs, application-code: 196ms)
 GET /finance/params 200 in 630ms (next.js: 504ms, application-code: 126ms)
 GET /finance/params 200 in 23ms (next.js: 1618µs, application-code: 21ms)
 GET /finance/params 200 in 29ms (next.js: 1615µs, application-code: 27ms)
 GET /finance/params 200 in 22ms (next.js: 1488µs, application-code: 20ms)
 GET / 200 in 44ms (next.js: 16ms, application-code: 28ms)
 GET /finance/recon 200 in 91ms (next.js: 62ms, application-code: 30ms)
 GET /finance/recon 200 in 31ms (next.js: 4ms, application-code: 27ms)
 GET /overview/dual-ledger 200 in 51ms (next.js: 17ms, application-code: 34ms)
 GET /finance/withdrawals 200 in 137ms (next.js: 106ms, application-code: 30ms)
 GET /finance/withdrawals 200 in 23ms (next.js: 1581µs, application-code: 22ms)
 GET /overview/dual-ledger 200 in 23ms (next.js: 2ms, application-code: 21ms)
 GET /overview/dual-ledger 200 in 23ms (next.js: 2ms, application-code: 21ms)
 GET /overview/dual-ledger 200 in 27ms (next.js: 1851µs, application-code: 25ms)
 GET / 200 in 22ms (next.js: 1590µs, application-code: 20ms)
 GET /finance/withdrawals 200 in 24ms (next.js: 1584µs, application-code: 22ms)
 GET /finance/withdrawals 200 in 25ms (next.js: 1692µs, application-code: 23ms)
 GET / 200 in 21ms (next.js: 1662µs, application-code: 19ms)
 GET / 200 in 26ms (next.js: 1761µs, application-code: 25ms)
 GET /platform/rbac 200 in 39ms (next.js: 9ms, application-code: 30ms)
 GET /overview/liquidity 200 in 607ms (next.js: 482ms, application-code: 125ms)
 GET /network/royalty 200 in 145ms (next.js: 88ms, application-code: 57ms)
 GET /devices/pricing 200 in 25ms (next.js: 3ms, application-code: 22ms)
 GET /finance-products/staking 200 in 23ms (next.js: 1852µs, application-code: 22ms)
 GET /risk/multi-account 200 in 32ms (next.js: 1824µs, application-code: 30ms)
 GET /risk/abuse 200 in 32ms (next.js: 1868µs, application-code: 30ms)
 GET /risk/withdrawal-rules 200 in 23ms (next.js: 1555µs, application-code: 22ms)
 GET /risk/scoring 200 in 27ms (next.js: 5ms, application-code: 21ms)
 GET /risk/kyc-review 200 in 33ms (next.js: 1767µs, application-code: 31ms)
 GET /risk/janus-c2 200 in 36ms (next.js: 2ms, application-code: 34ms)
 GET /finance/recon 200 in 33ms (next.js: 1824µs, application-code: 31ms)
 GET /finance/recon 200 in 25ms (next.js: 2ms, application-code: 23ms)
 GET /finance/pool 200 in 32ms (next.js: 1620µs, application-code: 30ms)
 GET /finance/pool 200 in 37ms (next.js: 5ms, application-code: 32ms)
 GET /finance/ledger 200 in 33ms (next.js: 2ms, application-code: 31ms)
 GET /finance/ledger 200 in 25ms (next.js: 1766µs, application-code: 24ms)
 GET /finance-products/staking 200 in 28ms (next.js: 2ms, application-code: 26ms)
 GET /finance-products/staking 200 in 28ms (next.js: 1713µs, application-code: 27ms)
 GET /finance-products/exchange 200 in 27ms (next.js: 1667µs, application-code: 25ms)
 GET /finance-products/exchange 200 in 31ms (next.js: 5ms, application-code: 26ms)
 GET /finance-products/market 200 in 31ms (next.js: 1978µs, application-code: 29ms)
 GET /finance-products/market 200 in 24ms (next.js: 1736µs, application-code: 22ms)
 GET /finance-products/market 200 in 25ms (next.js: 2ms, application-code: 23ms)
 GET /finance-products/genesis 200 in 24ms (next.js: 1719µs, application-code: 22ms)
 GET /finance-products/genesis 200 in 33ms (next.js: 1705µs, application-code: 31ms)
 GET /finance-products/repurchase 200 in 29ms (next.js: 7ms, application-code: 22ms)
 GET /risk/janus-c2 200 in 39ms (next.js: 8ms, application-code: 30ms)
 GET / 200 in 53ms (next.js: 14ms, application-code: 39ms)
 GET /risk/janus-c2 200 in 131ms (next.js: 64ms, application-code: 67ms)
 GET /favicon.ico 200 in 668ms (next.js: 650ms, application-code: 17ms)
 POST /api/admin/auth/login 200 in 321ms (next.js: 306ms, application-code: 15ms)
 GET /finance-products/staking 200 in 280ms (next.js: 128ms, application-code: 152ms)
 GET /finance-products/staking 200 in 35ms (next.js: 6ms, application-code: 29ms)
 GET /platform/params-registry 200 in 978ms (next.js: 502ms, application-code: 476ms)
 GET /finance-products/staking 200 in 101ms (next.js: 68ms, application-code: 34ms)
 GET /finance-products/staking 200 in 32ms (next.js: 6ms, application-code: 26ms)
 GET /risk/janus-c2 200 in 30ms (next.js: 10ms, application-code: 20ms)
 GET /risk/janus-c2 200 in 235ms (next.js: 175ms, application-code: 60ms)
 GET /risk/janus-c2 200 in 236ms (next.js: 188ms, application-code: 49ms)
 GET /risk/janus-c2 200 in 151ms (next.js: 116ms, application-code: 36ms)
 GET /risk/janus-c2 200 in 163ms (next.js: 127ms, application-code: 36ms)
 GET /risk/janus-c2 200 in 153ms (next.js: 114ms, application-code: 40ms)
 GET /risk/janus-c2 200 in 142ms (next.js: 107ms, application-code: 35ms)
 GET /risk/janus-c2 200 in 33ms (next.js: 11ms, application-code: 22ms)
 GET /risk/janus-c2 200 in 41ms (next.js: 8ms, application-code: 33ms)
 GET /risk/janus-c2 200 in 149ms (next.js: 7ms, application-code: 142ms)
 GET /risk/janus-c2 200 in 33ms (next.js: 6ms, application-code: 26ms)
 POST /api/admin/auth/login 200 in 552ms (next.js: 535ms, application-code: 17ms)
 GET /risk/janus-c2 200 in 282ms (next.js: 126ms, application-code: 156ms)
 POST /api/admin/auth/login 200 in 6ms (next.js: 1666µs, application-code: 4ms)
 GET /risk/janus-c2 200 in 41ms (next.js: 9ms, application-code: 32ms)
 POST /api/admin/auth/login 200 in 7ms (next.js: 1576µs, application-code: 6ms)
 GET /risk/janus-c2 200 in 29ms (next.js: 5ms, application-code: 24ms)
 GET /risk/janus-c2 200 in 33ms (next.js: 9ms, application-code: 24ms)
 GET /platform/rbac 200 in 38ms (next.js: 6ms, application-code: 32ms)
 GET / 200 in 47ms (next.js: 17ms, application-code: 30ms)
 GET / 200 in 20ms (next.js: 1565µs, application-code: 19ms)
 GET / 200 in 21ms (next.js: 1621µs, application-code: 19ms)
 GET / 200 in 23ms (next.js: 1551µs, application-code: 21ms)
 GET / 200 in 24ms (next.js: 1817µs, application-code: 22ms)
 GET / 200 in 28ms (next.js: 2ms, application-code: 26ms)
 GET / 200 in 20ms (next.js: 1521µs, application-code: 19ms)
 GET / 200 in 20ms (next.js: 1587µs, application-code: 19ms)
 GET /overview/dual-ledger 200 in 917ms (next.js: 784ms, application-code: 133ms)
 GET /overview/dual-ledger 200 in 29ms (next.js: 4ms, application-code: 24ms)
 GET /risk/janus-c2 200 in 172ms (next.js: 114ms, application-code: 57ms)
 GET /overview/dual-ledger 200 in 22ms (next.js: 1828µs, application-code: 21ms)
 GET /finance/withdrawals 200 in 595ms (next.js: 487ms, application-code: 107ms)
 GET /finance/withdrawals 200 in 26ms (next.js: 4ms, application-code: 22ms)
 GET /finance/withdrawals 200 in 24ms (next.js: 1949µs, application-code: 22ms)
 GET /finance/withdrawals 200 in 21ms (next.js: 1642µs, application-code: 20ms)
 GET /finance/withdrawals 200 in 24ms (next.js: 1751µs, application-code: 22ms)
 GET /users/search/U-88421 200 in 588ms (next.js: 486ms, application-code: 103ms)
 GET /users/search 200 in 654ms (next.js: 553ms, application-code: 101ms)
 GET /users/search 200 in 24ms (next.js: 1696µs, application-code: 22ms)
 GET /users/search 200 in 22ms (next.js: 1993µs, application-code: 20ms)
 GET /users/search 200 in 23ms (next.js: 1646µs, application-code: 21ms)
 GET /users/search 200 in 24ms (next.js: 1848µs, application-code: 22ms)
 GET /users/actions 200 in 132ms (next.js: 101ms, application-code: 30ms)
 GET /users/actions 200 in 24ms (next.js: 1611µs, application-code: 23ms)
 GET /users/actions 200 in 30ms (next.js: 1607µs, application-code: 29ms)
 GET /users/assets 200 in 33ms (next.js: 2ms, application-code: 31ms)
 GET /users/assets 200 in 26ms (next.js: 1559µs, application-code: 24ms)
 GET /users/assets 200 in 24ms (next.js: 1550µs, application-code: 23ms)
 GET /users/kyc 200 in 25ms (next.js: 1797µs, application-code: 24ms)
 GET /users/kyc 200 in 88ms (next.js: 61ms, application-code: 26ms)
 GET /users/security 200 in 26ms (next.js: 1664µs, application-code: 25ms)
 GET /users/security 200 in 30ms (next.js: 2ms, application-code: 28ms)
 GET /users/reg-risk 200 in 23ms (next.js: 1723µs, application-code: 22ms)
 GET /users/reg-risk 200 in 23ms (next.js: 1514µs, application-code: 22ms)
 GET /users/search/U-88421 200 in 106ms (next.js: 50ms, application-code: 56ms)
 GET /users/search/U-88421 200 in 23ms (next.js: 1669µs, application-code: 21ms)
 GET /users/search/U-88421 200 in 25ms (next.js: 3ms, application-code: 22ms)
 GET /users/search/U-88421 200 in 23ms (next.js: 1699µs, application-code: 21ms)
 GET /users/search/U-88421 200 in 25ms (next.js: 1900µs, application-code: 23ms)
 GET /users/search/U-88421 200 in 79ms (next.js: 55ms, application-code: 24ms)
 GET /users/search/U-88421 200 in 22ms (next.js: 1632µs, application-code: 21ms)
 GET /users/search/U-88421 200 in 23ms (next.js: 1808µs, application-code: 21ms)
 GET /users/search/U-88421 200 in 24ms (next.js: 1670µs, application-code: 22ms)
 GET /users/search/U-88421 200 in 22ms (next.js: 1683µs, application-code: 20ms)
 GET /users/search/U-88421 200 in 85ms (next.js: 54ms, application-code: 31ms)
 GET /users/search/U-88421 200 in 25ms (next.js: 3ms, application-code: 21ms)
 GET /users/search/U-88421 200 in 31ms (next.js: 1822µs, application-code: 30ms)
 GET /users/search/U-88421 200 in 25ms (next.js: 2ms, application-code: 23ms)
 GET /users/search/U-88421 200 in 24ms (next.js: 1727µs, application-code: 22ms)
 GET /platform/rbac 200 in 33ms (next.js: 8ms, application-code: 25ms)
 GET /platform/rbac 200 in 23ms (next.js: 1573µs, application-code: 22ms)
 GET /platform/rbac 200 in 25ms (next.js: 3ms, application-code: 23ms)
 GET /platform/rbac 200 in 28ms (next.js: 2ms, application-code: 26ms)
 GET /platform/audit 200 in 22ms (next.js: 1528µs, application-code: 21ms)
 GET /platform/audit 200 in 23ms (next.js: 1866µs, application-code: 21ms)
 GET /platform/audit 200 in 25ms (next.js: 1460µs, application-code: 23ms)
 GET /platform/audit 200 in 29ms (next.js: 8ms, application-code: 22ms)
 GET /platform/config 200 in 44ms (next.js: 1736µs, application-code: 42ms)
 GET /platform/config 200 in 23ms (next.js: 1428µs, application-code: 22ms)
 GET /platform/config 200 in 25ms (next.js: 1651µs, application-code: 24ms)
 GET /platform/config 200 in 24ms (next.js: 1763µs, application-code: 22ms)
 GET /platform/events 200 in 23ms (next.js: 1864µs, application-code: 21ms)
 GET /platform/events 200 in 26ms (next.js: 1682µs, application-code: 24ms)
 GET /platform/events 200 in 29ms (next.js: 6ms, application-code: 23ms)
 GET /platform/events 200 in 23ms (next.js: 1584µs, application-code: 22ms)
 GET /content/copy-ab 200 in 23ms (next.js: 1570µs, application-code: 21ms)
 GET /content/copy-ab 200 in 30ms (next.js: 2ms, application-code: 27ms)
 GET /content/copy-ab 200 in 25ms (next.js: 1807µs, application-code: 23ms)
 GET /content/nova 200 in 31ms (next.js: 1719µs, application-code: 29ms)
 GET /content/nova 200 in 28ms (next.js: 2ms, application-code: 25ms)
 GET /content/nova 200 in 29ms (next.js: 7ms, application-code: 22ms)
 GET /content/notifications 200 in 23ms (next.js: 1606µs, application-code: 22ms)
 GET /content/notifications 200 in 25ms (next.js: 1577µs, application-code: 23ms)
 GET /content/notifications 200 in 24ms (next.js: 1520µs, application-code: 22ms)
 GET /content/trust 200 in 24ms (next.js: 1979µs, application-code: 22ms)
 GET /content/trust 200 in 25ms (next.js: 1629µs, application-code: 24ms)
 GET /content/trust 200 in 27ms (next.js: 2ms, application-code: 25ms)
 GET /content/trust 200 in 31ms (next.js: 5ms, application-code: 26ms)
 GET /content/i18n 200 in 26ms (next.js: 1555µs, application-code: 24ms)
 GET /content/i18n 200 in 23ms (next.js: 1652µs, application-code: 22ms)
 GET /content/i18n 200 in 39ms (next.js: 1906µs, application-code: 38ms)
 GET /content/i18n 200 in 26ms (next.js: 1686µs, application-code: 24ms)
 GET /service/overview 200 in 25ms (next.js: 1532µs, application-code: 24ms)
 GET /service/overview 200 in 30ms (next.js: 5ms, application-code: 25ms)
 GET /service/tickets 200 in 24ms (next.js: 1564µs, application-code: 22ms)
 GET /service/tickets 200 in 23ms (next.js: 1866µs, application-code: 21ms)
 GET /service/sessions 200 in 30ms (next.js: 1773µs, application-code: 28ms)
 GET /service/sessions 200 in 24ms (next.js: 1579µs, application-code: 22ms)
 GET /service/sessions 200 in 30ms (next.js: 7ms, application-code: 23ms)
 GET /service/kb-sla 200 in 25ms (next.js: 1612µs, application-code: 23ms)
 GET /service/kb-sla 200 in 33ms (next.js: 1701µs, application-code: 31ms)
 GET /service/scripts 200 in 24ms (next.js: 1736µs, application-code: 22ms)
 GET /service/scripts 200 in 28ms (next.js: 1692µs, application-code: 26ms)
 GET /platform/params-registry 200 in 678ms (next.js: 424ms, application-code: 254ms)
 GET /platform/params-registry 200 in 204ms (next.js: 1703µs, application-code: 202ms)
 GET /platform/params-registry 200 in 218ms (next.js: 3ms, application-code: 215ms)
 GET /finance/params 200 in 599ms (next.js: 497ms, application-code: 102ms)
 GET /finance/params 200 in 25ms (next.js: 1556µs, application-code: 23ms)
 GET /finance/params 200 in 23ms (next.js: 1658µs, application-code: 21ms)
 GET /finance/params 200 in 25ms (next.js: 1682µs, application-code: 23ms)
 GET / 200 in 45ms (next.js: 15ms, application-code: 30ms)
 GET /finance/recon 200 in 150ms (next.js: 119ms, application-code: 30ms)
 GET /finance/recon 200 in 24ms (next.js: 1664µs, application-code: 22ms)
 GET /overview/dual-ledger 200 in 49ms (next.js: 16ms, application-code: 33ms)
 GET /finance/withdrawals 200 in 133ms (next.js: 103ms, application-code: 30ms)
 GET /finance/withdrawals 200 in 24ms (next.js: 1662µs, application-code: 23ms)
 GET /overview/dual-ledger 200 in 22ms (next.js: 1604µs, application-code: 21ms)
 GET /overview/dual-ledger 200 in 27ms (next.js: 1924µs, application-code: 25ms)
 GET /overview/dual-ledger 200 in 30ms (next.js: 3ms, application-code: 26ms)
 GET / 200 in 21ms (next.js: 1634µs, application-code: 19ms)
 GET /finance/withdrawals 200 in 24ms (next.js: 1554µs, application-code: 22ms)
 GET /finance/withdrawals 200 in 25ms (next.js: 3ms, application-code: 22ms)
 GET / 200 in 22ms (next.js: 1652µs, application-code: 20ms)
 GET / 200 in 27ms (next.js: 1760µs, application-code: 26ms)
 GET /platform/rbac 200 in 35ms (next.js: 6ms, application-code: 28ms)
 GET /overview/liquidity 200 in 564ms (next.js: 463ms, application-code: 101ms)
 GET /network/royalty 200 in 110ms (next.js: 55ms, application-code: 54ms)
 GET /devices/pricing 200 in 27ms (next.js: 1561µs, application-code: 26ms)
 GET /finance-products/staking 200 in 27ms (next.js: 1784µs, application-code: 25ms)
 GET /risk/multi-account 200 in 26ms (next.js: 1732µs, application-code: 24ms)
 GET /risk/abuse 200 in 24ms (next.js: 1604µs, application-code: 22ms)
 GET /risk/withdrawal-rules 200 in 26ms (next.js: 1537µs, application-code: 24ms)
 GET /risk/scoring 200 in 28ms (next.js: 5ms, application-code: 22ms)
 GET /risk/kyc-review 200 in 27ms (next.js: 1573µs, application-code: 25ms)
 GET /risk/janus-c2 200 in 24ms (next.js: 1591µs, application-code: 22ms)
 GET /finance/recon 200 in 24ms (next.js: 1699µs, application-code: 22ms)
 GET /finance/recon 200 in 26ms (next.js: 1650µs, application-code: 24ms)
 GET /finance/pool 200 in 38ms (next.js: 1565µs, application-code: 37ms)
 GET /finance/pool 200 in 30ms (next.js: 5ms, application-code: 24ms)
 GET /finance/ledger 200 in 26ms (next.js: 1549µs, application-code: 24ms)
 GET /finance/ledger 200 in 26ms (next.js: 1687µs, application-code: 24ms)
 GET /finance-products/staking 200 in 26ms (next.js: 1619µs, application-code: 24ms)
 GET /finance-products/staking 200 in 26ms (next.js: 1580µs, application-code: 24ms)
 GET /finance-products/exchange 200 in 23ms (next.js: 1505µs, application-code: 22ms)
 GET /finance-products/exchange 200 in 28ms (next.js: 6ms, application-code: 23ms)
 GET /finance-products/market 200 in 24ms (next.js: 1733µs, application-code: 23ms)
 GET /finance-products/market 200 in 23ms (next.js: 1478µs, application-code: 22ms)
 GET /finance-products/market 200 in 24ms (next.js: 1705µs, application-code: 23ms)
 GET /finance-products/genesis 200 in 87ms (next.js: 60ms, application-code: 27ms)
 GET /finance-products/genesis 200 in 44ms (next.js: 1634µs, application-code: 42ms)
 GET /finance-products/repurchase 200 in 32ms (next.js: 1560µs, application-code: 31ms)
 GET /risk/janus-c2 200 in 67ms (next.js: 11ms, application-code: 56ms)
 GET /risk/janus-c2 200 in 23ms (next.js: 3ms, application-code: 20ms)
 GET / 200 in 64ms (next.js: 21ms, application-code: 43ms)
 GET /risk/janus-c2 200 in 34ms (next.js: 7ms, application-code: 27ms)
 GET /favicon.ico 200 in 840ms (next.js: 820ms, application-code: 20ms)
 POST /api/admin/auth/login 200 in 362ms (next.js: 346ms, application-code: 16ms)
 GET /finance-products/staking 200 in 310ms (next.js: 150ms, application-code: 161ms)
 GET /finance-products/staking 200 in 33ms (next.js: 8ms, application-code: 25ms)
 GET /platform/params-registry 200 in 771ms (next.js: 349ms, application-code: 422ms)
 GET /finance-products/staking 200 in 156ms (next.js: 118ms, application-code: 38ms)
 GET /finance-products/staking 200 in 29ms (next.js: 6ms, application-code: 24ms)
 GET /risk/janus-c2 200 in 33ms (next.js: 11ms, application-code: 22ms)
 GET /risk/janus-c2 200 in 91ms (next.js: 65ms, application-code: 26ms)
 GET /risk/janus-c2 200 in 41ms (next.js: 9ms, application-code: 32ms)
 GET /risk/janus-c2 200 in 353ms (next.js: 294ms, application-code: 59ms)
 GET /risk/janus-c2 200 in 34ms (next.js: 12ms, application-code: 22ms)
 GET /risk/janus-c2 200 in 34ms (next.js: 8ms, application-code: 26ms)
 GET /risk/janus-c2 200 in 222ms (next.js: 9ms, application-code: 212ms)
 GET /risk/janus-c2 200 in 36ms (next.js: 8ms, application-code: 28ms)
 GET /risk/janus-c2 200 in 96ms (next.js: 11ms, application-code: 85ms)
 GET /favicon.ico 200 in 1127ms (next.js: 1109ms, application-code: 18ms)
 GET /risk/janus-c2 200 in 239ms (next.js: 181ms, application-code: 59ms)
 GET /risk/janus-c2 200 in 65ms (next.js: 3ms, application-code: 62ms)
 GET /risk/janus-c2 200 in 97ms (next.js: 57ms, application-code: 40ms)
 GET /risk/janus-c2 200 in 152ms (next.js: 3ms, application-code: 148ms)
 GET /risk/janus-c2 200 in 56ms (next.js: 8ms, application-code: 49ms)
 GET /risk/janus-c2 200 in 50ms (next.js: 3ms, application-code: 47ms)
 GET /risk/janus-c2 200 in 56ms (next.js: 3ms, application-code: 53ms)
 GET /risk/janus-c2 200 in 62ms (next.js: 10ms, application-code: 52ms)
 GET /risk/janus-c2 200 in 174ms (next.js: 3ms, application-code: 171ms)
 GET /risk/janus-c2 200 in 143ms (next.js: 4ms, application-code: 138ms)
 GET /risk/janus-c2 200 in 44ms (next.js: 13ms, application-code: 32ms)
 GET /risk/janus-c2 200 in 45ms (next.js: 4ms, application-code: 40ms)
 GET /risk/janus-c2 200 in 147ms (next.js: 29ms, application-code: 118ms)
 GET /risk/janus-c2 200 in 123ms (next.js: 2ms, application-code: 121ms)
 GET /risk/janus-c2 200 in 48ms (next.js: 3ms, application-code: 46ms)
 GET /risk/janus-c2 200 in 80ms (next.js: 34ms, application-code: 46ms)
 GET /risk/janus-c2 200 in 49ms (next.js: 3ms, application-code: 46ms)
 GET /risk/janus-c2 200 in 40ms (next.js: 3ms, application-code: 38ms)
 GET /risk/janus-c2 200 in 65ms (next.js: 9ms, application-code: 57ms)
 GET /risk/janus-c2 200 in 74ms (next.js: 3ms, application-code: 71ms)
 GET /risk/janus-c2 200 in 56ms (next.js: 8ms, application-code: 48ms)
 GET /risk/janus-c2 200 in 66ms (next.js: 3ms, application-code: 63ms)
 GET /risk/janus-c2 200 in 67ms (next.js: 10ms, application-code: 57ms)
 GET /risk/janus-c2 200 in 49ms (next.js: 3ms, application-code: 47ms)
 GET /risk/janus-c2 200 in 65ms (next.js: 10ms, application-code: 55ms)
 GET /risk/janus-c2 200 in 31ms (next.js: 5ms, application-code: 26ms)
 GET /risk/janus-c2 200 in 62ms (next.js: 8ms, application-code: 55ms)
 GET /risk/janus-c2 200 in 122ms (next.js: 2ms, application-code: 120ms)
 GET /risk/janus-c2 200 in 128ms (next.js: 2ms, application-code: 126ms)
 GET /risk/janus-c2 200 in 71ms (next.js: 12ms, application-code: 59ms)
 GET /risk/janus-c2 200 in 48ms (next.js: 6ms, application-code: 42ms)
 GET /risk/janus-c2 200 in 56ms (next.js: 3ms, application-code: 53ms)
 GET /risk/janus-c2 200 in 135ms (next.js: 82ms, application-code: 53ms)
 GET /risk/janus-c2 200 in 148ms (next.js: 3ms, application-code: 145ms)
 GET /risk/janus-c2 200 in 52ms (next.js: 3ms, application-code: 50ms)
 GET /risk/janus-c2 200 in 62ms (next.js: 9ms, application-code: 53ms)
 GET /risk/janus-c2 200 in 134ms (next.js: 3ms, application-code: 132ms)
 GET /risk/janus-c2 200 in 63ms (next.js: 3ms, application-code: 60ms)
 GET /risk/janus-c2 200 in 62ms (next.js: 9ms, application-code: 53ms)
 GET /risk/janus-c2 200 in 142ms (next.js: 6ms, application-code: 136ms)
 GET /risk/janus-c2 200 in 30ms (next.js: 3ms, application-code: 27ms)
 GET /risk/janus-c2 200 in 91ms (next.js: 7ms, application-code: 84ms)
 GET /risk/janus-c2 200 in 156ms (next.js: 5ms, application-code: 150ms)
 GET /risk/janus-c2 200 in 63ms (next.js: 3ms, application-code: 60ms)
 GET /risk/janus-c2 200 in 127ms (next.js: 69ms, application-code: 58ms)
 GET /risk/janus-c2 200 in 54ms (next.js: 3ms, application-code: 51ms)
 GET /risk/janus-c2 200 in 62ms (next.js: 3ms, application-code: 59ms)
 GET /risk/janus-c2 200 in 73ms (next.js: 12ms, application-code: 61ms)
 GET /risk/janus-c2 200 in 68ms (next.js: 9ms, application-code: 58ms)
 GET /risk/janus-c2 200 in 125ms (next.js: 8ms, application-code: 117ms)
 GET /risk/janus-c2 200 in 53ms (next.js: 4ms, application-code: 49ms)
 GET /risk/janus-c2 200 in 147ms (next.js: 3ms, application-code: 144ms)
 GET /risk/janus-c2 200 in 96ms (next.js: 11ms, application-code: 85ms)
 GET /risk/janus-c2 200 in 175ms (next.js: 5ms, application-code: 171ms)
 GET /risk/janus-c2 200 in 50ms (next.js: 3ms, application-code: 47ms)
 GET /risk/janus-c2 200 in 135ms (next.js: 10ms, application-code: 125ms)
 GET /risk/janus-c2 200 in 28ms (next.js: 3ms, application-code: 25ms)
 GET /risk/janus-c2 200 in 53ms (next.js: 10ms, application-code: 43ms)
 GET /risk/janus-c2 200 in 81ms (next.js: 7ms, application-code: 75ms)
 GET /risk/janus-c2 200 in 59ms (next.js: 3ms, application-code: 56ms)
 GET /risk/janus-c2 200 in 59ms (next.js: 12ms, application-code: 47ms)
 GET /risk/janus-c2 200 in 57ms (next.js: 3ms, application-code: 54ms)
 GET /risk/janus-c2 200 in 85ms (next.js: 3ms, application-code: 81ms)
 GET /risk/janus-c2 200 in 72ms (next.js: 10ms, application-code: 62ms)
 GET /risk/janus-c2 200 in 87ms (next.js: 5ms, application-code: 82ms)
 GET /risk/janus-c2 200 in 181ms (next.js: 34ms, application-code: 147ms)
 GET /risk/janus-c2 200 in 80ms (next.js: 3ms, application-code: 77ms)
 GET /risk/janus-c2 200 in 143ms (next.js: 87ms, application-code: 55ms)
 GET /risk/janus-c2 200 in 75ms (next.js: 8ms, application-code: 67ms)
 GET /risk/janus-c2 200 in 132ms (next.js: 4ms, application-code: 127ms)
 GET /risk/janus-c2 200 in 62ms (next.js: 10ms, application-code: 52ms)
 GET /risk/janus-c2 200 in 150ms (next.js: 8ms, application-code: 141ms)
 GET /risk/janus-c2 200 in 30ms (next.js: 3ms, application-code: 27ms)
 GET /risk/janus-c2 200 in 56ms (next.js: 7ms, application-code: 49ms)
 GET /risk/janus-c2 200 in 60ms (next.js: 3ms, application-code: 57ms)
 GET /risk/janus-c2 200 in 65ms (next.js: 4ms, application-code: 61ms)
 GET /risk/janus-c2 200 in 32ms (next.js: 6ms, application-code: 26ms)
 GET /risk/janus-c2 200 in 32ms (next.js: 9ms, application-code: 22ms)
 GET /risk/janus-c2 200 in 35ms (next.js: 7ms, application-code: 28ms)
 GET /risk/janus-c2 200 in 111ms (next.js: 78ms, application-code: 34ms)
 GET /risk/janus-c2 200 in 28ms (next.js: 7ms, application-code: 21ms)
 GET /platform/rbac 200 in 44ms (next.js: 9ms, application-code: 35ms)
 GET / 200 in 66ms (next.js: 23ms, application-code: 42ms)
 GET / 200 in 25ms (next.js: 1857µs, application-code: 23ms)
 GET / 200 in 34ms (next.js: 1976µs, application-code: 32ms)
 GET / 200 in 31ms (next.js: 1776µs, application-code: 29ms)
 GET / 200 in 24ms (next.js: 1841µs, application-code: 22ms)
 GET / 200 in 23ms (next.js: 2ms, application-code: 21ms)
 GET / 200 in 30ms (next.js: 4ms, application-code: 27ms)
 GET / 200 in 30ms (next.js: 1942µs, application-code: 28ms)
 GET /overview/dual-ledger 200 in 1442ms (next.js: 1237ms, application-code: 205ms)
 GET /overview/dual-ledger 200 in 23ms (next.js: 1729µs, application-code: 21ms)
 GET /overview/dual-ledger 200 in 30ms (next.js: 3ms, application-code: 27ms)
 GET /finance/withdrawals 200 in 656ms (next.js: 492ms, application-code: 165ms)
 GET /finance/withdrawals 200 in 23ms (next.js: 1777µs, application-code: 21ms)
 GET /finance/withdrawals 200 in 23ms (next.js: 1984µs, application-code: 21ms)
 GET /finance/withdrawals 200 in 24ms (next.js: 2ms, application-code: 22ms)
 GET /finance/withdrawals 200 in 24ms (next.js: 1698µs, application-code: 22ms)
 GET /users/search/U-88421 200 in 646ms (next.js: 504ms, application-code: 142ms)
 GET /users/search 200 in 748ms (next.js: 604ms, application-code: 144ms)
 GET /users/search 200 in 23ms (next.js: 1678µs, application-code: 21ms)
 GET /users/search 200 in 25ms (next.js: 1726µs, application-code: 23ms)
 GET /users/search 200 in 32ms (next.js: 1816µs, application-code: 31ms)
 GET /users/search 200 in 28ms (next.js: 1804µs, application-code: 26ms)
 GET /users/actions 200 in 212ms (next.js: 173ms, application-code: 38ms)
 GET /users/actions 200 in 26ms (next.js: 1900µs, application-code: 24ms)
 GET /users/actions 200 in 26ms (next.js: 1860µs, application-code: 24ms)
 GET /users/assets 200 in 37ms (next.js: 1810µs, application-code: 35ms)
 GET /users/assets 200 in 27ms (next.js: 1641µs, application-code: 25ms)
 GET /users/assets 200 in 36ms (next.js: 1690µs, application-code: 34ms)
 GET /users/kyc 200 in 24ms (next.js: 1921µs, application-code: 22ms)
 GET /users/kyc 200 in 31ms (next.js: 6ms, application-code: 24ms)
 GET /users/security 200 in 32ms (next.js: 2ms, application-code: 30ms)
 GET /users/security 200 in 37ms (next.js: 2ms, application-code: 35ms)
 GET /users/reg-risk 200 in 26ms (next.js: 1632µs, application-code: 24ms)
 GET /users/reg-risk 200 in 26ms (next.js: 1546µs, application-code: 24ms)
 GET /users/search/U-88421 200 in 68ms (next.js: 18ms, application-code: 50ms)
 GET /users/search/U-88421 200 in 43ms (next.js: 1722µs, application-code: 42ms)
 GET /users/search/U-88421 200 in 25ms (next.js: 1754µs, application-code: 23ms)
 GET /users/search/U-88421 200 in 24ms (next.js: 1753µs, application-code: 22ms)
 GET /users/search/U-88421 200 in 25ms (next.js: 3ms, application-code: 23ms)
 GET /users/search/U-88421 200 in 29ms (next.js: 6ms, application-code: 23ms)
 GET /users/search/U-88421 200 in 33ms (next.js: 2ms, application-code: 30ms)
 GET /users/search/U-88421 200 in 35ms (next.js: 2ms, application-code: 33ms)
 GET /users/search/U-88421 200 in 25ms (next.js: 1688µs, application-code: 24ms)
 GET /users/search/U-88421 200 in 24ms (next.js: 1776µs, application-code: 22ms)
 GET /users/search/U-88421 200 in 36ms (next.js: 7ms, application-code: 28ms)
 GET /users/search/U-88421 200 in 26ms (next.js: 2ms, application-code: 24ms)
 GET /users/search/U-88421 200 in 45ms (next.js: 3ms, application-code: 42ms)
 GET /users/search/U-88421 200 in 46ms (next.js: 3ms, application-code: 42ms)
 GET /users/search/U-88421 200 in 34ms (next.js: 8ms, application-code: 25ms)
 GET /platform/rbac 200 in 31ms (next.js: 6ms, application-code: 25ms)
 GET /platform/rbac 200 in 26ms (next.js: 1741µs, application-code: 24ms)
 GET /platform/rbac 200 in 26ms (next.js: 1931µs, application-code: 25ms)
 GET /platform/rbac 200 in 25ms (next.js: 1693µs, application-code: 23ms)
 GET /platform/audit 200 in 26ms (next.js: 1793µs, application-code: 24ms)
 GET /platform/audit 200 in 26ms (next.js: 2ms, application-code: 24ms)
 GET /platform/audit 200 in 43ms (next.js: 9ms, application-code: 33ms)
 GET /platform/audit 200 in 43ms (next.js: 2ms, application-code: 41ms)
 GET /platform/config 200 in 42ms (next.js: 5ms, application-code: 38ms)
 GET /platform/config 200 in 42ms (next.js: 1664µs, application-code: 40ms)
 GET /platform/config 200 in 32ms (next.js: 7ms, application-code: 25ms)
 GET /platform/config 200 in 26ms (next.js: 1751µs, application-code: 24ms)
 GET /platform/events 200 in 25ms (next.js: 2ms, application-code: 23ms)
 GET /platform/events 200 in 25ms (next.js: 2ms, application-code: 23ms)
 GET /platform/events 200 in 143ms (next.js: 111ms, application-code: 32ms)
 GET /platform/events 200 in 28ms (next.js: 1974µs, application-code: 26ms)
 GET /content/copy-ab 200 in 27ms (next.js: 1781µs, application-code: 26ms)
 GET /content/copy-ab 200 in 33ms (next.js: 2ms, application-code: 31ms)
 GET /content/copy-ab 200 in 31ms (next.js: 6ms, application-code: 25ms)
 GET /content/nova 200 in 35ms (next.js: 2ms, application-code: 33ms)
 GET /content/nova 200 in 27ms (next.js: 1960µs, application-code: 25ms)
 GET /content/nova 200 in 36ms (next.js: 4ms, application-code: 32ms)
 GET /content/notifications 200 in 29ms (next.js: 1919µs, application-code: 27ms)
 GET /content/notifications 200 in 26ms (next.js: 2ms, application-code: 24ms)
 GET /content/notifications 200 in 42ms (next.js: 2ms, application-code: 39ms)
 GET /content/trust 200 in 31ms (next.js: 7ms, application-code: 24ms)
 GET /content/trust 200 in 34ms (next.js: 2ms, application-code: 32ms)
 GET /content/trust 200 in 26ms (next.js: 1845µs, application-code: 24ms)
 GET /content/trust 200 in 29ms (next.js: 4ms, application-code: 25ms)
 GET /content/i18n 200 in 41ms (next.js: 1987µs, application-code: 39ms)
 GET /content/i18n 200 in 24ms (next.js: 1872µs, application-code: 22ms)
 GET /content/i18n 200 in 24ms (next.js: 1642µs, application-code: 23ms)
 GET /content/i18n 200 in 43ms (next.js: 5ms, application-code: 38ms)
 GET /service/overview 200 in 28ms (next.js: 1761µs, application-code: 26ms)
 GET /service/overview 200 in 28ms (next.js: 1924µs, application-code: 26ms)
 GET /service/tickets 200 in 27ms (next.js: 2ms, application-code: 25ms)
 GET /service/tickets 200 in 39ms (next.js: 3ms, application-code: 37ms)
 GET /service/sessions 200 in 25ms (next.js: 1788µs, application-code: 23ms)
 GET /service/sessions 200 in 99ms (next.js: 68ms, application-code: 32ms)
 GET /service/sessions 200 in 25ms (next.js: 1746µs, application-code: 24ms)
 GET /service/kb-sla 200 in 33ms (next.js: 2ms, application-code: 30ms)
 GET /service/kb-sla 200 in 27ms (next.js: 1763µs, application-code: 25ms)
 GET /service/scripts 200 in 32ms (next.js: 1933µs, application-code: 30ms)
 GET /service/scripts 200 in 25ms (next.js: 1546µs, application-code: 24ms)
 GET /platform/params-registry 200 in 790ms (next.js: 467ms, application-code: 323ms)
 GET /platform/params-registry 200 in 203ms (next.js: 1891µs, application-code: 201ms)
 GET /platform/params-registry 200 in 218ms (next.js: 1863µs, application-code: 216ms)
 GET /finance/params 200 in 696ms (next.js: 561ms, application-code: 135ms)
 GET /finance/params 200 in 28ms (next.js: 1802µs, application-code: 26ms)
 GET /finance/params 200 in 33ms (next.js: 1823µs, application-code: 31ms)
 GET /finance/params 200 in 31ms (next.js: 2ms, application-code: 29ms)
 GET / 200 in 47ms (next.js: 15ms, application-code: 32ms)
 GET /finance/recon 200 in 113ms (next.js: 79ms, application-code: 35ms)
 GET /finance/recon 200 in 25ms (next.js: 1946µs, application-code: 23ms)
 GET /overview/dual-ledger 200 in 58ms (next.js: 17ms, application-code: 41ms)
 GET /finance/withdrawals 200 in 136ms (next.js: 103ms, application-code: 33ms)
 GET /finance/withdrawals 200 in 23ms (next.js: 1646µs, application-code: 21ms)
 GET /overview/dual-ledger 200 in 24ms (next.js: 1777µs, application-code: 22ms)
 GET /overview/dual-ledger 200 in 23ms (next.js: 1783µs, application-code: 22ms)
 GET /overview/dual-ledger 200 in 33ms (next.js: 1971µs, application-code: 31ms)
 GET / 200 in 31ms (next.js: 1724µs, application-code: 29ms)
 GET /finance/withdrawals 200 in 31ms (next.js: 4ms, application-code: 28ms)
 GET /finance/withdrawals 200 in 24ms (next.js: 1650µs, application-code: 23ms)
 GET / 200 in 22ms (next.js: 1727µs, application-code: 20ms)
 GET / 200 in 24ms (next.js: 3ms, application-code: 20ms)
 GET /platform/rbac 200 in 30ms (next.js: 6ms, application-code: 23ms)
 GET /overview/liquidity 200 in 624ms (next.js: 507ms, application-code: 118ms)
 GET /network/royalty 200 in 133ms (next.js: 73ms, application-code: 61ms)
 GET /devices/pricing 200 in 25ms (next.js: 1856µs, application-code: 23ms)
 GET /finance-products/staking 200 in 27ms (next.js: 1961µs, application-code: 25ms)
 GET /risk/multi-account 200 in 25ms (next.js: 1969µs, application-code: 23ms)
 GET /risk/abuse 200 in 27ms (next.js: 1657µs, application-code: 26ms)
 GET /risk/withdrawal-rules 200 in 25ms (next.js: 1639µs, application-code: 23ms)
 GET /risk/scoring 200 in 32ms (next.js: 7ms, application-code: 25ms)
 GET /risk/kyc-review 200 in 29ms (next.js: 1603µs, application-code: 28ms)
 GET /risk/janus-c2 200 in 27ms (next.js: 1630µs, application-code: 26ms)
 GET /finance/recon 200 in 26ms (next.js: 3ms, application-code: 23ms)
 GET /finance/recon 200 in 28ms (next.js: 2ms, application-code: 26ms)
 GET /finance/pool 200 in 43ms (next.js: 2ms, application-code: 41ms)
 GET /finance/pool 200 in 31ms (next.js: 6ms, application-code: 25ms)
 GET /finance/ledger 200 in 26ms (next.js: 1742µs, application-code: 25ms)
 GET /finance/ledger 200 in 26ms (next.js: 1640µs, application-code: 25ms)
 GET /finance-products/staking 200 in 26ms (next.js: 1671µs, application-code: 24ms)
 GET /finance-products/staking 200 in 26ms (next.js: 1715µs, application-code: 24ms)
 GET /finance-products/exchange 200 in 30ms (next.js: 6ms, application-code: 24ms)
 GET /finance-products/exchange 200 in 26ms (next.js: 4ms, application-code: 23ms)
 GET /finance-products/market 200 in 36ms (next.js: 2ms, application-code: 34ms)
 GET /finance-products/market 200 in 24ms (next.js: 1678µs, application-code: 23ms)
 GET /finance-products/market 200 in 34ms (next.js: 2ms, application-code: 32ms)
 GET /finance-products/genesis 200 in 37ms (next.js: 1997µs, application-code: 35ms)
 GET /finance-products/genesis 200 in 38ms (next.js: 6ms, application-code: 33ms)
 GET /finance-products/repurchase 200 in 26ms (next.js: 1616µs, application-code: 24ms)
 GET /risk/janus-c2 200 in 47ms (next.js: 12ms, application-code: 36ms)
 GET / 200 in 42ms (next.js: 10ms, application-code: 32ms)
 GET /risk/janus-c2 200 in 153ms (next.js: 72ms, application-code: 81ms)
 GET /favicon.ico 200 in 728ms (next.js: 710ms, application-code: 18ms)
 POST /api/admin/auth/login 200 in 381ms (next.js: 366ms, application-code: 15ms)
 GET /finance-products/staking 200 in 288ms (next.js: 134ms, application-code: 154ms)
 GET /finance-products/staking 200 in 32ms (next.js: 6ms, application-code: 26ms)
 GET /platform/params-registry 200 in 871ms (next.js: 494ms, application-code: 376ms)
 GET /finance-products/staking 200 in 87ms (next.js: 59ms, application-code: 28ms)
 GET /finance-products/staking 200 in 31ms (next.js: 6ms, application-code: 25ms)
 GET /risk/janus-c2 200 in 32ms (next.js: 8ms, application-code: 24ms)
[?25h
